id,first_name,last_name,gender,birth_date,hire_date,termination_date,status,position_id,manager_id
83524916-427f-4372-8ecd-9d1e659863d6,Dino,Sargent,female,1967-04-01,1990-04-01,2014-12-31,Resigned,5a621969-b47a-4689-905f-ac8463b80da7,92458503-8516-488d-a11d-5ccf25e68316
3164c559-701d-4e96-b385-aa91f2e48ffa,Art,Stone,male,1966-02-19,1990-07-01,1992-08-31,Resigned,27e4edca-2855-42d4-95e7-f02fda93317a,c2c8fac5-8bb5-416d-82fb-d8d19cd298de
3acc185e-4c68-4cc3-8486-b2d5b8cdaeec,Robby,Tate,non-binary,1967-11-11,1990-07-01,1994-09-30,Resigned,ca800f48-24a3-4802-9779-138796462142,92458503-8516-488d-a11d-5ccf25e68316
aa4ae05d-55ad-4fcb-9e8e-099f8a49579d,Garland,Richards,non-binary,1969-12-03,1992-04-01,1993-12-31,Resigned,1b1f9de8-7779-417b-a506-45ca3cfe4def,92458503-8516-488d-a11d-5ccf25e68316
aca6a7a8-4240-4b4e-942a-029b024f5254,Rodrigo,Tanner,male,1965-06-28,1992-11-01,1992-12-31,Resigned,1b1f9de8-7779-417b-a506-45ca3cfe4def,92458503-8516-488d-a11d-5ccf25e68316
441c0409-0e6f-4d03-b9ea-e1a05fad4e8b,Cordia,Burgess,non-binary,1968-01-31,1993-03-01,2020-03-31,Terminated,25f7a622-64f5-49b5-9256-cd7bedf9f2db,f9751221-4940-49bb-94cb-a9ef282abe67
8699a2d4-347c-438d-b567-f82e9e2137cd,Tu,Parrish,male,1965-11-05,1993-08-01,2005-09-30,Resigned,5a621969-b47a-4689-905f-ac8463b80da7,92458503-8516-488d-a11d-5ccf25e68316
6032309b-605f-4ff0-8aa9-e63e6826e31e,Lajuana,Hudson,non-binary,1966-11-30,1993-11-01,1993-11-30,Resigned,1b1f9de8-7779-417b-a506-45ca3cfe4def,92458503-8516-488d-a11d-5ccf25e68316
5b62b5df-c8ee-4bc7-83e3-a9164e210205,Adrian,Mcbride,non-binary,1970-09-27,1993-12-01,,Active,25f7a622-64f5-49b5-9256-cd7bedf9f2db,f9751221-4940-49bb-94cb-a9ef282abe67
5f99dde7-44d0-48b4-8bfd-864ea3faf2ae,Sang,Evans,female,1970-07-11,1994-05-01,1994-08-31,Resigned,ba55a34e-7c02-4224-adb8-e673810d8c8a,92458503-8516-488d-a11d-5ccf25e68316
c7a30f19-504c-40bc-8f89-2d57d3f72bfa,Venetta,Ewing,male,1967-01-25,1994-05-01,2024-06-30,Resigned,5a621969-b47a-4689-905f-ac8463b80da7,92458503-8516-488d-a11d-5ccf25e68316
94d2feb8-1c70-41e2-bdfa-1945de66b0f6,Temple,Robinson,non-binary,1972-04-28,1994-07-01,2002-10-31,Terminated,ddae60da-e7a3-4217-a385-c24a598d356b,783cb8c5-0b77-478d-abee-6ba43437f237
bdb76c77-9600-4e38-a79d-0737669bd034,Delmy,Hatfield,male,1964-07-19,1994-09-01,1999-10-31,Resigned,1b1f9de8-7779-417b-a506-45ca3cfe4def,92458503-8516-488d-a11d-5ccf25e68316
5396b499-bae9-4848-abae-d9c1aefdae6f,Apolonia,Perry,male,1967-05-01,1994-09-01,2015-09-30,Resigned,5a621969-b47a-4689-905f-ac8463b80da7,92458503-8516-488d-a11d-5ccf25e68316
391257a5-645e-48e4-86ee-aad5e48e58ef,Genaro,Arnold,non-binary,1972-10-23,1995-01-01,1995-06-30,Resigned,ca800f48-24a3-4802-9779-138796462142,92458503-8516-488d-a11d-5ccf25e68316
4c89703c-c319-4274-8b64-b5b10798c1a1,Herman,Bell,non-binary,1973-07-22,1995-06-01,1999-12-31,Resigned,1b1f9de8-7779-417b-a506-45ca3cfe4def,92458503-8516-488d-a11d-5ccf25e68316
c9e19656-de20-4782-a1c1-9b31f8297836,Conchita,Gates,non-binary,1965-10-09,1995-07-01,2019-12-31,Terminated,5a621969-b47a-4689-905f-ac8463b80da7,92458503-8516-488d-a11d-5ccf25e68316
311ef9c3-8099-4f78-815f-f5772811ed43,Sanford,James,non-binary,1967-06-03,1995-11-01,1997-12-31,Resigned,1b1f9de8-7779-417b-a506-45ca3cfe4def,92458503-8516-488d-a11d-5ccf25e68316
7bb6a311-4346-4c1f-9b4a-4164bfcfa4c3,Rolland,Rodriquez,male,1968-10-22,1996-07-01,2010-11-30,Resigned,25f7a622-64f5-49b5-9256-cd7bedf9f2db,f9751221-4940-49bb-94cb-a9ef282abe67
ec1dd00c-6c57-4564-a347-b0d0e51cb6e6,Layne,Watts,non-binary,1967-05-31,1996-09-01,2001-11-30,Resigned,ca800f48-24a3-4802-9779-138796462142,92458503-8516-488d-a11d-5ccf25e68316
7b80f5df-252b-4690-9d93-650f6f084a6d,Shaunte,Bond,non-binary,1974-08-13,1996-10-01,2000-12-31,Resigned,1b1f9de8-7779-417b-a506-45ca3cfe4def,92458503-8516-488d-a11d-5ccf25e68316
2dd3e948-7879-4b8f-bb98-f0c7030ee461,Cira,Dunlap,male,1965-08-11,1996-11-01,1996-11-30,Resigned,45b743f6-aa8e-4bc9-aac1-4020269a90ea,c2c8fac5-8bb5-416d-82fb-d8d19cd298de
21ff01ee-290e-47af-b7ee-43ff019eb43c,Arvilla,Lawrence,non-binary,1973-06-23,1997-07-01,2001-07-31,Terminated,5f44c938-ac3c-465f-9666-79f5052139aa,f9751221-4940-49bb-94cb-a9ef282abe67
2c6e76a3-6c44-44a7-850c-b390b9783c8a,Seema,Drake,female,1964-05-08,1997-10-01,2000-10-31,Resigned,1b1f9de8-7779-417b-a506-45ca3cfe4def,92458503-8516-488d-a11d-5ccf25e68316
d7ab252e-64e8-489b-8abb-14dd2e9a4619,Usha,Ewing,male,1968-11-01,1997-12-01,1997-12-31,Terminated,27e4edca-2855-42d4-95e7-f02fda93317a,c2c8fac5-8bb5-416d-82fb-d8d19cd298de
f9cb987e-b118-4878-8167-1b58590ff902,Jacquelynn,Floyd,female,1974-08-17,1997-12-01,2001-12-31,Resigned,ca800f48-24a3-4802-9779-138796462142,92458503-8516-488d-a11d-5ccf25e68316
6851075c-ab0f-41f4-acca-d1306041922d,Lorenzo,Benton,male,1972-06-12,1998-05-01,2001-05-31,Terminated,e5576e0f-883f-4ee7-afc2-543adbd4fdc1,783cb8c5-0b77-478d-abee-6ba43437f237
bc2b6e79-5613-4bf7-a10e-14b20ad0e1f8,Mickey,Mann,non-binary,1968-07-24,1998-05-01,2003-08-31,Resigned,1b1f9de8-7779-417b-a506-45ca3cfe4def,92458503-8516-488d-a11d-5ccf25e68316
32566032-a92f-47c5-836a-14dc07814d64,Deedra,Clarke,non-binary,1976-08-11,1998-06-01,2011-09-30,Resigned,5a621969-b47a-4689-905f-ac8463b80da7,92458503-8516-488d-a11d-5ccf25e68316
5a947a06-73a3-4017-aef2-017152f4299e,Jonelle,Duncan,female,1965-04-27,1998-09-01,2009-09-30,Resigned,ca800f48-24a3-4802-9779-138796462142,92458503-8516-488d-a11d-5ccf25e68316
ffab4f86-da42-4721-b630-75c4d304b6d1,Wilmer,Kennedy,male,1966-12-20,1998-10-01,2003-12-31,Resigned,ca800f48-24a3-4802-9779-138796462142,92458503-8516-488d-a11d-5ccf25e68316
2a331184-507b-434d-b48f-aa600955356d,Kent,Paul,non-binary,1971-06-08,1999-02-01,1999-07-31,Resigned,ba55a34e-7c02-4224-adb8-e673810d8c8a,92458503-8516-488d-a11d-5ccf25e68316
6d211397-38d4-4834-a28b-a3158163a0e8,Rickey,Sexton,male,1964-10-21,1999-05-01,2000-09-30,Resigned,ba55a34e-7c02-4224-adb8-e673810d8c8a,92458503-8516-488d-a11d-5ccf25e68316
8a617b48-8f89-41c5-be73-d24fe1477943,Lilliam,Wilder,female,1966-03-24,1999-06-01,2000-11-30,Resigned,1b1f9de8-7779-417b-a506-45ca3cfe4def,92458503-8516-488d-a11d-5ccf25e68316
2073a13e-488a-4a2b-a2d8-ded10de85e2c,Hedy,Gallegos,female,1977-02-15,1999-07-01,2000-12-31,Terminated,27e4edca-2855-42d4-95e7-f02fda93317a,c2c8fac5-8bb5-416d-82fb-d8d19cd298de
049484cf-19c4-4367-9a3d-fe496e114dc1,Lynwood,Kaufman,non-binary,1975-03-31,1999-08-01,2002-09-30,Resigned,1b1f9de8-7779-417b-a506-45ca3cfe4def,92458503-8516-488d-a11d-5ccf25e68316
4f033de2-2b48-4f12-a704-fe2e5f6046f9,Scarlet,Macias,male,1973-09-02,1999-08-01,2008-08-31,Resigned,5a621969-b47a-4689-905f-ac8463b80da7,92458503-8516-488d-a11d-5ccf25e68316
fe2761c4-b78e-48aa-9e30-13147816cedb,Loan,Lancaster,male,1977-11-17,1999-12-01,2001-12-31,Terminated,ba55a34e-7c02-4224-adb8-e673810d8c8a,92458503-8516-488d-a11d-5ccf25e68316
73e30e62-8b54-4174-940f-2ede0c8a0629,Warren,Griffin,male,1972-08-19,1999-12-01,2002-12-31,Terminated,e5576e0f-883f-4ee7-afc2-543adbd4fdc1,783cb8c5-0b77-478d-abee-6ba43437f237
aaec92c1-4d60-434c-b6db-6b98b28cb433,Lucilla,Hart,female,1973-08-16,2000-12-01,2005-12-31,Resigned,ca800f48-24a3-4802-9779-138796462142,92458503-8516-488d-a11d-5ccf25e68316
9b9bff52-9d67-4e6b-8a12-bda0a3966e2e,Bernard,Newman,male,1970-12-22,2001-01-01,2003-03-31,Resigned,1b1f9de8-7779-417b-a506-45ca3cfe4def,92458503-8516-488d-a11d-5ccf25e68316
031e9adf-d8fb-454b-b32d-66501f78647a,Laquanda,Talley,male,1977-11-03,2001-03-01,2002-05-31,Terminated,b955e70e-c842-422a-90de-f3841bd1b14c,783cb8c5-0b77-478d-abee-6ba43437f237
8457ddb6-6a55-41a7-9098-36b55b8876a1,Delsie,Mosley,non-binary,1977-03-14,2001-05-01,2006-11-30,Resigned,ca800f48-24a3-4802-9779-138796462142,92458503-8516-488d-a11d-5ccf25e68316
239d6ba9-5390-4bd5-9a53-ffb7707dcd71,Taylor,Fleming,non-binary,1971-09-21,2001-06-01,2005-06-30,Resigned,5f44c938-ac3c-465f-9666-79f5052139aa,f9751221-4940-49bb-94cb-a9ef282abe67
d9531ab9-58be-4bf8-8e57-f21f2f58e6a2,Alec,Mercer,non-binary,1977-08-20,2001-10-01,2001-12-31,Resigned,1b1f9de8-7779-417b-a506-45ca3cfe4def,92458503-8516-488d-a11d-5ccf25e68316
7f1905a6-403b-4b5b-b84b-6adb41094e65,Ardelia,Adkins,non-binary,1964-11-11,2002-01-01,2019-08-31,Resigned,5a621969-b47a-4689-905f-ac8463b80da7,92458503-8516-488d-a11d-5ccf25e68316
bc310d4f-ebef-43ee-94c4-5aca38b8fe42,Octavio,Meyer,female,1975-02-25,2002-01-01,,Active,b607c77f-f49b-415c-8c8f-427838782c35,782c340e-360a-41d5-8b6f-273e1bbd6399
468c008a-ceaa-4844-b09e-3f576d8b78e4,Tanja,Gonzales,non-binary,1973-11-23,2002-09-01,2012-11-30,Resigned,5a621969-b47a-4689-905f-ac8463b80da7,92458503-8516-488d-a11d-5ccf25e68316
c900da27-fca1-43b7-867a-40b4c9278318,Rosana,Horne,non-binary,1971-11-15,2002-12-01,2004-12-31,Resigned,1b1f9de8-7779-417b-a506-45ca3cfe4def,92458503-8516-488d-a11d-5ccf25e68316
4740f7f7-04f2-4ead-824a-6de7730f0980,Doug,Norman,non-binary,1975-05-21,2002-12-01,2006-12-31,Resigned,1b1f9de8-7779-417b-a506-45ca3cfe4def,92458503-8516-488d-a11d-5ccf25e68316
2c9afbc0-566d-452b-8cbb-8664f4326530,Donny,Hobbs,non-binary,1980-10-25,2003-02-01,2005-07-31,Resigned,ca800f48-24a3-4802-9779-138796462142,92458503-8516-488d-a11d-5ccf25e68316
632de50a-7f41-4bed-b3a2-c67450ee2f0d,Javier,Ruiz,non-binary,1972-06-01,2003-02-01,2005-11-30,Terminated,b955e70e-c842-422a-90de-f3841bd1b14c,783cb8c5-0b77-478d-abee-6ba43437f237
92ea9270-b165-4704-8c7b-f1f0a1c33dbe,Amberly,Gross,male,1979-04-24,2003-03-01,2005-08-31,Terminated,27e4edca-2855-42d4-95e7-f02fda93317a,c2c8fac5-8bb5-416d-82fb-d8d19cd298de
61e11a7e-0456-485a-a7ee-54783d2b93aa,Seth,Harrison,non-binary,1972-11-18,2003-03-01,2007-10-31,Resigned,1b1f9de8-7779-417b-a506-45ca3cfe4def,92458503-8516-488d-a11d-5ccf25e68316
3dea9dfa-b6c4-42e7-8132-76c6b5e5ee5f,Tiffiny,Peterson,female,1975-05-27,2003-03-01,2013-05-31,Resigned,ca800f48-24a3-4802-9779-138796462142,92458503-8516-488d-a11d-5ccf25e68316
4727cd0a-cbad-40dd-b129-6b043c94d730,Annett,Monroe,female,1979-11-02,2003-04-01,,Active,5a621969-b47a-4689-905f-ac8463b80da7,92458503-8516-488d-a11d-5ccf25e68316
534c16be-a849-4b75-8187-dcfd90bb42f3,Melynda,Davidson,non-binary,1977-04-11,2003-05-01,2005-07-31,Resigned,1b1f9de8-7779-417b-a506-45ca3cfe4def,92458503-8516-488d-a11d-5ccf25e68316
f2b7cd7e-ecf1-4230-b027-516faecb65a6,Apryl,Frye,male,1966-05-24,2003-08-01,2003-11-30,Resigned,ca800f48-24a3-4802-9779-138796462142,92458503-8516-488d-a11d-5ccf25e68316
963d22d9-78ed-42d0-9dc4-802fd88fc9e3,Myesha,Wise,female,1966-11-20,2003-08-01,2008-12-31,Resigned,ca800f48-24a3-4802-9779-138796462142,92458503-8516-488d-a11d-5ccf25e68316
f40b01c3-059f-4fb5-8b1c-06022ac22d39,Horacio,Barrera,female,1967-07-18,2003-08-01,2010-09-30,Resigned,1b1f9de8-7779-417b-a506-45ca3cfe4def,92458503-8516-488d-a11d-5ccf25e68316
11ac167c-1008-4f2a-8672-c33b6d36ba63,Charlie,Alexander,non-binary,1972-02-23,2003-08-01,2011-09-30,Resigned,ca800f48-24a3-4802-9779-138796462142,92458503-8516-488d-a11d-5ccf25e68316
bb8736dc-bf6d-4786-8992-a79a82dcc9c8,Joline,O'connor,non-binary,1981-07-25,2003-09-01,2003-12-31,Resigned,b56c4013-6523-40e5-bc23-4284a1e4b4da,f9751221-4940-49bb-94cb-a9ef282abe67
340be4b0-42f9-4687-b1e8-6d7b498b7c1b,Kristle,Martin,female,1974-11-29,2003-12-01,2008-12-31,Resigned,1b1f9de8-7779-417b-a506-45ca3cfe4def,92458503-8516-488d-a11d-5ccf25e68316
3cd14422-5f53-4732-a43d-80446f8e4614,Tajuana,Vance,male,1969-04-08,2003-12-01,2009-12-31,Resigned,1b1f9de8-7779-417b-a506-45ca3cfe4def,92458503-8516-488d-a11d-5ccf25e68316
975792b6-fac9-466b-a6c2-2af4c03cd4f0,Gertrudis,Duke,non-binary,1981-09-16,2004-01-01,2006-09-30,Terminated,45b743f6-aa8e-4bc9-aac1-4020269a90ea,c2c8fac5-8bb5-416d-82fb-d8d19cd298de
91f63bbb-d724-4508-acb9-36ec53b53696,Elwanda,Cherry,non-binary,1981-08-21,2004-02-01,2006-11-30,Resigned,1b1f9de8-7779-417b-a506-45ca3cfe4def,92458503-8516-488d-a11d-5ccf25e68316
c54b20e2-afd6-4475-ab6f-c35b4dbd75da,Shu,Hale,non-binary,1965-05-02,2004-02-01,2024-06-30,Resigned,1ee4bd5e-6f3c-4abb-b5ea-ee2f64d07285,2535fd4c-77f5-4980-8bdb-1b89a5687cc5
60b50c73-6062-4f5f-b44f-e15844550279,Grover,Cervantes,female,1967-12-24,2004-04-01,2016-06-30,Terminated,3945373d-5f7a-4b78-80d6-b33d3e89ddfb,c2c8fac5-8bb5-416d-82fb-d8d19cd298de
9387475e-fc42-49d1-8abd-3b409e3252f2,Deshawn,Pennington,male,1977-04-02,2004-05-01,2024-08-31,Resigned,1ee4bd5e-6f3c-4abb-b5ea-ee2f64d07285,2535fd4c-77f5-4980-8bdb-1b89a5687cc5
42a5c6a5-39a5-4064-a77f-3c5faa2d576f,Justin,Lott,non-binary,1979-03-30,2004-07-01,,Active,25f7a622-64f5-49b5-9256-cd7bedf9f2db,f9751221-4940-49bb-94cb-a9ef282abe67
6cceef08-d2b0-4374-94ba-30211d13d2d0,Sung,Merritt,non-binary,1975-12-30,2004-09-01,2004-11-30,Resigned,ba55a34e-7c02-4224-adb8-e673810d8c8a,92458503-8516-488d-a11d-5ccf25e68316
c1590a73-f522-481a-b068-62896916faa0,Benjamin,Doyle,non-binary,1979-05-13,2004-09-01,2010-12-31,Resigned,ca800f48-24a3-4802-9779-138796462142,92458503-8516-488d-a11d-5ccf25e68316
b9fb879a-e072-462b-8389-ac34c8deed54,August,Molina,non-binary,1970-12-08,2004-10-01,2014-10-31,Terminated,ca800f48-24a3-4802-9779-138796462142,92458503-8516-488d-a11d-5ccf25e68316
d7abc210-3c34-41fe-b595-0e6f85adc2b6,Luciano,Dillard,female,1976-01-29,2004-11-01,2004-12-31,Resigned,1b1f9de8-7779-417b-a506-45ca3cfe4def,92458503-8516-488d-a11d-5ccf25e68316
9a6665df-d8f5-4af7-a920-304f57e33d1c,Mammie,Rich,female,1964-06-25,2004-12-01,2014-12-31,Resigned,ca800f48-24a3-4802-9779-138796462142,92458503-8516-488d-a11d-5ccf25e68316
a23b296d-8d70-4aea-b738-016d29ea8661,Ermelinda,Donovan,non-binary,1973-08-02,2004-12-01,2015-12-31,Terminated,3945373d-5f7a-4b78-80d6-b33d3e89ddfb,c2c8fac5-8bb5-416d-82fb-d8d19cd298de
3042e3c2-4a0f-4fc8-ad80-730cdbb6ca23,Reagan,Potts,male,1981-09-11,2005-03-01,2007-10-31,Resigned,1b1f9de8-7779-417b-a506-45ca3cfe4def,92458503-8516-488d-a11d-5ccf25e68316
783cb8c5-0b77-478d-abee-6ba43437f237,Olene,Koch,female,1982-04-28,2005-03-01,,Active,1f3f8bb6-fe52-49b3-bba5-35b37cb80c77,a16cff46-d4fc-46a0-b3ad-0ea3c1a5520c
2759c3b1-a937-428a-a84b-60b1664907bb,Claude,Bridges,female,1981-03-26,2005-06-01,2008-11-30,Resigned,1b1f9de8-7779-417b-a506-45ca3cfe4def,92458503-8516-488d-a11d-5ccf25e68316
a402376e-dee2-4409-adcf-24f97e68c555,Kiley,Bates,male,1977-12-10,2005-06-01,2012-08-31,Terminated,25f7a622-64f5-49b5-9256-cd7bedf9f2db,f9751221-4940-49bb-94cb-a9ef282abe67
2d5f3594-e592-4d9a-bdfc-a1cf8a4599fe,Jermaine,Donaldson,female,1972-04-08,2005-07-01,2011-09-30,Resigned,ca800f48-24a3-4802-9779-138796462142,92458503-8516-488d-a11d-5ccf25e68316
349231b2-fe94-438e-806d-3f610385aa33,Jadwiga,Copeland,non-binary,1980-07-22,2005-10-01,,Active,25f7a622-64f5-49b5-9256-cd7bedf9f2db,f9751221-4940-49bb-94cb-a9ef282abe67
d52dbd95-9f9e-4bce-93c4-99ee72189286,Rosendo,Conway,male,1975-10-16,2005-12-01,2005-12-31,Resigned,ba55a34e-7c02-4224-adb8-e673810d8c8a,92458503-8516-488d-a11d-5ccf25e68316
13a176a4-d578-4737-bc2d-fec81d1c76f4,Tomas,Hardy,female,1975-07-29,2006-03-01,,Active,b607c77f-f49b-415c-8c8f-427838782c35,782c340e-360a-41d5-8b6f-273e1bbd6399
6b4d3cc5-1ec3-4b73-a481-1fb092343799,Lianne,Maldonado,male,1982-07-12,2006-06-01,2007-06-30,Resigned,1b1f9de8-7779-417b-a506-45ca3cfe4def,92458503-8516-488d-a11d-5ccf25e68316
f8aa9b46-6793-4dc4-ae39-f8f3d566fbbc,Yolande,Weber,male,1965-04-17,2006-08-01,2010-11-30,Resigned,1b1f9de8-7779-417b-a506-45ca3cfe4def,92458503-8516-488d-a11d-5ccf25e68316
6d7ca6a8-d52f-4c4f-824e-29724d7ba54c,Anderson,Riddle,female,1980-12-04,2006-09-01,2012-12-31,Resigned,ca800f48-24a3-4802-9779-138796462142,92458503-8516-488d-a11d-5ccf25e68316
9993ed38-abae-40df-94d9-0432b7569991,Luis,Bryant,non-binary,1974-12-24,2006-11-01,,Active,25f7a622-64f5-49b5-9256-cd7bedf9f2db,f9751221-4940-49bb-94cb-a9ef282abe67
0558daf2-38a7-456a-a2e9-67a662f4a61a,Bernetta,Byers,female,1973-10-29,2007-01-01,2021-08-31,Terminated,1ee4bd5e-6f3c-4abb-b5ea-ee2f64d07285,2535fd4c-77f5-4980-8bdb-1b89a5687cc5
aaeab0fe-1844-447c-a450-1fa8984b0e84,Wiley,Mcmahon,non-binary,1970-01-10,2007-01-01,2023-06-30,Resigned,5a621969-b47a-4689-905f-ac8463b80da7,92458503-8516-488d-a11d-5ccf25e68316
822b029c-5435-4769-9468-ea87dc20a319,Ivory,Bean,male,1983-03-20,2007-03-01,2009-08-31,Resigned,1b1f9de8-7779-417b-a506-45ca3cfe4def,92458503-8516-488d-a11d-5ccf25e68316
224f7f69-f981-4251-b87f-c74826b2cafd,Ngoc,Suarez,male,1966-04-01,2007-03-01,,Active,25f7a622-64f5-49b5-9256-cd7bedf9f2db,f9751221-4940-49bb-94cb-a9ef282abe67
40718c10-70d5-4485-9a13-29e000392612,Ettie,Battle,female,1975-09-30,2007-05-01,2014-12-31,Resigned,ca800f48-24a3-4802-9779-138796462142,92458503-8516-488d-a11d-5ccf25e68316
4e05ba82-3cef-459a-8bc2-0049a5af1d24,Carylon,Cruz,non-binary,1985-02-14,2007-07-01,2013-10-31,Resigned,1b1f9de8-7779-417b-a506-45ca3cfe4def,92458503-8516-488d-a11d-5ccf25e68316
0257ce96-dd13-4df1-9c6d-9db19a7e3cf6,Eddie,Bryan,male,1979-02-02,2007-10-01,2010-10-31,Resigned,1b1f9de8-7779-417b-a506-45ca3cfe4def,92458503-8516-488d-a11d-5ccf25e68316
ca563a73-f040-4a66-81fa-45d87975fa64,Gwenda,Holden,non-binary,1980-03-31,2007-12-01,2020-12-31,Resigned,5a621969-b47a-4689-905f-ac8463b80da7,92458503-8516-488d-a11d-5ccf25e68316
1f52a59a-9c21-40c0-b481-96f2c0a2a596,Kasi,Mccoy,female,1983-02-19,2008-02-01,2009-04-30,Resigned,ba55a34e-7c02-4224-adb8-e673810d8c8a,92458503-8516-488d-a11d-5ccf25e68316
d1cf7191-f197-4567-98c9-5b47764e2c64,Piedad,Caldwell,female,1978-06-13,2008-03-01,2009-10-31,Terminated,45b743f6-aa8e-4bc9-aac1-4020269a90ea,c2c8fac5-8bb5-416d-82fb-d8d19cd298de
3d554e29-3e7e-4948-92af-cef48e50b97f,Lazaro,Reese,female,1965-04-04,2008-05-01,2011-12-31,Resigned,1b1f9de8-7779-417b-a506-45ca3cfe4def,92458503-8516-488d-a11d-5ccf25e68316
c3787bb1-21fa-43cc-b671-30a8d00d074e,Rhett,Mcdaniel,female,1978-11-08,2008-05-01,2022-08-31,Resigned,5a621969-b47a-4689-905f-ac8463b80da7,92458503-8516-488d-a11d-5ccf25e68316
6f1d2eb3-f1e7-4ba7-a239-df3662e9d7d8,Liberty,Davis,non-binary,1980-07-23,2008-08-01,2019-09-30,Resigned,ca800f48-24a3-4802-9779-138796462142,92458503-8516-488d-a11d-5ccf25e68316
172c09ff-c290-4bc2-a05e-c5682360cb0a,Shanice,Lindsay,female,1981-12-10,2008-09-01,,Active,5a621969-b47a-4689-905f-ac8463b80da7,92458503-8516-488d-a11d-5ccf25e68316
523ed5de-3af2-43de-8eba-637330577c4b,Cedrick,Wiley,non-binary,1978-02-17,2008-11-01,2008-11-30,Terminated,e5576e0f-883f-4ee7-afc2-543adbd4fdc1,783cb8c5-0b77-478d-abee-6ba43437f237
8ebe6ada-8fed-419d-a8f0-13fc1147ed6d,Alejandro,Myers,female,1973-09-12,2008-11-01,2011-12-31,Resigned,1b1f9de8-7779-417b-a506-45ca3cfe4def,92458503-8516-488d-a11d-5ccf25e68316
7370605d-72d6-4d72-b42c-5dffe3c0e997,Erasmo,Ortega,male,1969-06-28,2009-02-01,2009-02-28,Resigned,ba55a34e-7c02-4224-adb8-e673810d8c8a,92458503-8516-488d-a11d-5ccf25e68316
6469354b-3cdc-4a05-9943-6ed5f4853d35,Sarai,Savage,non-binary,1971-05-01,2009-02-01,2012-11-30,Resigned,ca800f48-24a3-4802-9779-138796462142,92458503-8516-488d-a11d-5ccf25e68316
50092d28-97fd-48e4-9988-968f34e563fd,Veola,West,male,1985-10-11,2009-04-01,2019-04-30,Resigned,ca800f48-24a3-4802-9779-138796462142,92458503-8516-488d-a11d-5ccf25e68316
2e8bcaf6-3a93-41b1-b288-522ffb662540,Sal,O'neal,female,1985-11-19,2009-05-01,2015-05-31,Resigned,1b1f9de8-7779-417b-a506-45ca3cfe4def,92458503-8516-488d-a11d-5ccf25e68316
f99fd715-de47-48f9-aeb1-e6105d2f0e06,Raphael,Conley,non-binary,1986-05-30,2009-06-01,2009-09-30,Resigned,45b743f6-aa8e-4bc9-aac1-4020269a90ea,c2c8fac5-8bb5-416d-82fb-d8d19cd298de
c09329d1-7325-4f3c-8962-6fc88a07cfa4,Bert,Clemons,female,1974-06-25,2009-06-01,2014-10-31,Resigned,27e4edca-2855-42d4-95e7-f02fda93317a,c2c8fac5-8bb5-416d-82fb-d8d19cd298de
528de9cd-db49-4359-8245-d039a055e411,Lisha,Espinoza,female,1987-05-27,2009-07-01,,Active,b607c77f-f49b-415c-8c8f-427838782c35,782c340e-360a-41d5-8b6f-273e1bbd6399
56eaa84c-5643-434f-815b-b8db3a57ed6b,Lecia,Larson,male,1979-11-30,2009-09-01,2013-11-30,Terminated,27e4edca-2855-42d4-95e7-f02fda93317a,c2c8fac5-8bb5-416d-82fb-d8d19cd298de
eecb6949-421d-41d6-b3fc-3a2f2c21329b,Mora,Foley,female,1979-07-02,2009-09-01,2015-11-30,Resigned,1b1f9de8-7779-417b-a506-45ca3cfe4def,92458503-8516-488d-a11d-5ccf25e68316
2b3d6aa5-bb95-4c4e-957f-8573b0d2e464,Damian,Gill,non-binary,1969-07-23,2009-09-01,2020-10-31,Resigned,ca800f48-24a3-4802-9779-138796462142,92458503-8516-488d-a11d-5ccf25e68316
41902581-4016-4398-b3ce-cc9cbeb4745a,Berenice,Irwin,male,1971-10-26,2009-12-01,2011-12-31,Resigned,ba55a34e-7c02-4224-adb8-e673810d8c8a,92458503-8516-488d-a11d-5ccf25e68316
0b602908-e631-4897-a2c6-7206bf90f39d,Iraida,Tate,female,1976-10-10,2010-04-01,2011-07-31,Resigned,1b1f9de8-7779-417b-a506-45ca3cfe4def,92458503-8516-488d-a11d-5ccf25e68316
6f4c8b5d-f20b-4384-bee5-e7ba8b6413f0,Alvin,West,non-binary,1982-01-05,2010-04-01,,Active,25f7a622-64f5-49b5-9256-cd7bedf9f2db,f9751221-4940-49bb-94cb-a9ef282abe67
0c809529-1c9c-40c4-bdf9-2f2d9bd60d75,Wilfred,Hayden,male,1988-07-01,2010-07-01,,Active,5a621969-b47a-4689-905f-ac8463b80da7,92458503-8516-488d-a11d-5ccf25e68316
b181426c-dd58-4df8-94cf-8cb9094be763,Oda,Barnett,male,1972-02-04,2010-08-01,2020-11-30,Resigned,ca800f48-24a3-4802-9779-138796462142,92458503-8516-488d-a11d-5ccf25e68316
3cd75176-6eac-4c18-8664-456ebce29db0,Jamey,Cherry,non-binary,1971-06-03,2010-09-01,2024-10-31,Resigned,5a621969-b47a-4689-905f-ac8463b80da7,92458503-8516-488d-a11d-5ccf25e68316
921e34f1-fd58-466f-8197-dde5c5699572,Mabelle,Carpenter,non-binary,1985-06-06,2010-12-01,2011-12-31,Terminated,b955e70e-c842-422a-90de-f3841bd1b14c,783cb8c5-0b77-478d-abee-6ba43437f237
c76ae2a6-6368-4875-b67f-e6df5ad174e5,Eulah,Dominguez,male,1975-09-22,2010-12-01,2017-12-31,Resigned,1b1f9de8-7779-417b-a506-45ca3cfe4def,92458503-8516-488d-a11d-5ccf25e68316
c7ef9510-ed05-401a-82fd-139698fa22d7,Cruz,Trevino,female,1982-12-26,2010-12-01,2021-12-31,Resigned,ca800f48-24a3-4802-9779-138796462142,92458503-8516-488d-a11d-5ccf25e68316
4f62aad2-c2c9-4480-bd4d-53e5ed9a02ec,Loreen,Lang,male,1976-05-13,2010-12-01,2023-12-31,Resigned,5a621969-b47a-4689-905f-ac8463b80da7,92458503-8516-488d-a11d-5ccf25e68316
1d873c9f-f37e-4616-a9ff-9e5852d15ff9,Marcel,Doyle,non-binary,1977-11-24,2011-05-01,2013-06-30,Resigned,1b1f9de8-7779-417b-a506-45ca3cfe4def,92458503-8516-488d-a11d-5ccf25e68316
b41779f9-8bc5-4f06-8279-d8dea5bef8fe,Heide,Johnston,female,1979-02-28,2011-05-01,2017-10-31,Resigned,1b1f9de8-7779-417b-a506-45ca3cfe4def,92458503-8516-488d-a11d-5ccf25e68316
21b8b735-ad70-4016-bfad-b26205907a1e,Raymonde,Valdez,male,1975-08-18,2011-05-01,2020-12-31,Resigned,ca800f48-24a3-4802-9779-138796462142,92458503-8516-488d-a11d-5ccf25e68316
6e76a68d-fd44-46e0-838f-9dd2c6e8f0eb,Nelson,Rice,non-binary,1985-07-18,2011-05-01,2021-08-31,Resigned,ca800f48-24a3-4802-9779-138796462142,92458503-8516-488d-a11d-5ccf25e68316
5a7e1e89-1879-4c8c-a0ef-a58d2f0695aa,Loren,Noel,female,1978-07-03,2011-06-01,2012-11-30,Terminated,1b1f9de8-7779-417b-a506-45ca3cfe4def,92458503-8516-488d-a11d-5ccf25e68316
205c570e-cfb6-4c19-9938-6faf1fa18ec2,Lyman,Harper,non-binary,1981-06-23,2011-06-01,,Active,5a621969-b47a-4689-905f-ac8463b80da7,92458503-8516-488d-a11d-5ccf25e68316
c7c2a861-a5b9-44d7-a7bc-512a055a2166,Georgene,Larson,non-binary,1984-12-02,2011-07-01,2011-10-31,Resigned,ba55a34e-7c02-4224-adb8-e673810d8c8a,92458503-8516-488d-a11d-5ccf25e68316
3a862f26-fcd3-4b41-9efc-034b07db506c,Hung,Kidd,non-binary,1968-11-20,2011-07-01,,Active,b607c77f-f49b-415c-8c8f-427838782c35,782c340e-360a-41d5-8b6f-273e1bbd6399
7c83bfdb-9dfa-4527-b80b-fbd53d3f70b0,Jake,Cook,non-binary,1967-04-23,2011-08-01,2016-08-31,Resigned,1b1f9de8-7779-417b-a506-45ca3cfe4def,92458503-8516-488d-a11d-5ccf25e68316
86339a9a-077e-4b39-b7c9-aa2221b31e09,Carey,Malone,non-binary,1970-02-25,2011-08-01,2018-11-30,Resigned,1ee4bd5e-6f3c-4abb-b5ea-ee2f64d07285,2535fd4c-77f5-4980-8bdb-1b89a5687cc5
0aac75f4-2759-4f7d-9c17-edf19f55d7a2,Nicolas,Mcclain,female,1986-01-01,2011-08-01,,Active,ca800f48-24a3-4802-9779-138796462142,92458503-8516-488d-a11d-5ccf25e68316
4d8ff912-38b9-4db7-9e33-fbf178114616,Connie,Henderson,female,1984-02-10,2011-08-01,,Active,25f7a622-64f5-49b5-9256-cd7bedf9f2db,f9751221-4940-49bb-94cb-a9ef282abe67
36656094-9fae-40d7-bfd4-e1378472e8af,Boyd,Lane,female,1968-06-07,2011-09-01,2014-10-31,Resigned,1b1f9de8-7779-417b-a506-45ca3cfe4def,92458503-8516-488d-a11d-5ccf25e68316
2346621a-6ca6-4381-a42a-2a1963ed90c5,Emilee,Booker,non-binary,1986-01-02,2011-09-01,2019-12-31,Terminated,ca800f48-24a3-4802-9779-138796462142,92458503-8516-488d-a11d-5ccf25e68316
a16cff46-d4fc-46a0-b3ad-0ea3c1a5520c,Rick,Chen,non-binary,1968-10-14,2011-09-01,,Active,397fb797-62f2-4a77-b87d-b5be4bb013c6,d873bfc4-2bf5-4ece-8b78-f9ec2ffb6732
8ef185a9-2229-4dac-8094-b07979fdcb09,Edyth,William,non-binary,1987-08-30,2011-11-01,2019-11-30,Resigned,25f7a622-64f5-49b5-9256-cd7bedf9f2db,f9751221-4940-49bb-94cb-a9ef282abe67
2da4164c-63c9-4ef9-b3d2-27adaaa683e1,Lorenzo,Cotton,non-binary,1988-02-09,2012-01-01,2016-09-30,Resigned,ca800f48-24a3-4802-9779-138796462142,92458503-8516-488d-a11d-5ccf25e68316
e0a5c78b-03f4-4bcb-9c58-f03b68886ee8,Dorsey,Gray,male,1967-02-03,2012-01-01,,Active,25f7a622-64f5-49b5-9256-cd7bedf9f2db,f9751221-4940-49bb-94cb-a9ef282abe67
06961ea9-5347-486d-8f14-1fbb113a0d6b,Rema,Duran,non-binary,1982-03-19,2012-02-01,2019-06-30,Resigned,ca800f48-24a3-4802-9779-138796462142,92458503-8516-488d-a11d-5ccf25e68316
5179ac42-2bff-493a-9e2a-d5e0d6dde4c4,Arlean,Foster,female,1982-11-28,2012-04-01,2016-06-30,Resigned,1b1f9de8-7779-417b-a506-45ca3cfe4def,92458503-8516-488d-a11d-5ccf25e68316
baa58b06-dd52-4815-879c-fff82f0dc49e,Reda,Schneider,female,1975-10-04,2012-04-01,,Active,25f7a622-64f5-49b5-9256-cd7bedf9f2db,f9751221-4940-49bb-94cb-a9ef282abe67
ffc78aa8-31f1-4f75-9d4c-a3e75c7657a9,Angelena,Nolan,female,1984-05-20,2012-05-01,2012-12-31,Resigned,ba55a34e-7c02-4224-adb8-e673810d8c8a,92458503-8516-488d-a11d-5ccf25e68316
6d38be9e-abdf-4a0b-a16c-72ee04e5c4ef,Cyrstal,Graham,female,1981-01-22,2012-05-01,2016-11-30,Resigned,1b1f9de8-7779-417b-a506-45ca3cfe4def,92458503-8516-488d-a11d-5ccf25e68316
024f3cac-ce30-41c0-ab15-5f7d7d3c8dd8,Jonelle,Rutledge,male,1989-06-25,2012-06-01,2018-08-31,Resigned,ca800f48-24a3-4802-9779-138796462142,92458503-8516-488d-a11d-5ccf25e68316
39751bcb-3fc6-4e6d-bc68-3dfac52393ca,Garth,Butler,non-binary,1971-05-26,2012-06-01,2021-07-31,Resigned,ca800f48-24a3-4802-9779-138796462142,92458503-8516-488d-a11d-5ccf25e68316
c7533d7f-556a-4026-9daa-e33b72d81598,Calvin,Diaz,non-binary,1974-05-21,2012-07-01,2016-08-31,Resigned,ca800f48-24a3-4802-9779-138796462142,92458503-8516-488d-a11d-5ccf25e68316
dba9dfc7-b747-42aa-919d-837bd4e5d2d0,Drusilla,Sanchez,non-binary,1966-04-11,2012-08-01,2014-08-31,Resigned,1b1f9de8-7779-417b-a506-45ca3cfe4def,92458503-8516-488d-a11d-5ccf25e68316
b999364d-877f-4fbb-a689-c28e8d256d14,Frederick,Bernard,non-binary,1975-05-26,2012-10-01,2012-10-31,Resigned,ba55a34e-7c02-4224-adb8-e673810d8c8a,92458503-8516-488d-a11d-5ccf25e68316
3a9d5c41-3940-41cf-864f-13765f56b441,Laurinda,Dennis,non-binary,1976-11-11,2012-11-01,2016-12-31,Resigned,1b1f9de8-7779-417b-a506-45ca3cfe4def,92458503-8516-488d-a11d-5ccf25e68316
8b5ee8bc-bc03-4570-833b-a726c12426ca,Royce,Bennett,male,1967-02-13,2013-01-01,2021-10-31,Resigned,ca800f48-24a3-4802-9779-138796462142,92458503-8516-488d-a11d-5ccf25e68316
74f947c1-2405-4e43-8f3f-5baa05348fd6,Lowell,Lamb,male,1972-01-18,2013-01-01,2022-05-31,Resigned,ca800f48-24a3-4802-9779-138796462142,92458503-8516-488d-a11d-5ccf25e68316
51b667b7-a334-42ee-8531-8de901ff15a8,Gerry,Woods,non-binary,1985-08-25,2013-02-01,2014-05-31,Terminated,b56c4013-6523-40e5-bc23-4284a1e4b4da,f9751221-4940-49bb-94cb-a9ef282abe67
5d286b5b-cc57-4b8e-b1d8-a1da942149cb,Galina,Randall,female,1966-05-21,2013-02-01,2024-10-31,Terminated,25f7a622-64f5-49b5-9256-cd7bedf9f2db,f9751221-4940-49bb-94cb-a9ef282abe67
0af414e7-c534-497d-9226-984cdf3aa6c0,Elvina,Little,female,1983-10-14,2013-03-01,,Active,ca800f48-24a3-4802-9779-138796462142,92458503-8516-488d-a11d-5ccf25e68316
6dd16959-6956-4423-b6a8-9a72e53e0367,Annalee,House,non-binary,1973-02-09,2013-03-01,,Active,b607c77f-f49b-415c-8c8f-427838782c35,782c340e-360a-41d5-8b6f-273e1bbd6399
57f931df-7fe8-4b06-9856-6774013a8be4,Camila,Stone,non-binary,1991-10-06,2013-06-01,2023-08-31,Resigned,25f7a622-64f5-49b5-9256-cd7bedf9f2db,f9751221-4940-49bb-94cb-a9ef282abe67
6c8220da-1918-464c-92f9-b5ea98c22adb,Lanelle,Molina,non-binary,1982-05-19,2013-06-01,2023-09-30,Resigned,ca800f48-24a3-4802-9779-138796462142,92458503-8516-488d-a11d-5ccf25e68316
736d661a-46a6-4ede-9759-f00c203c8dfb,Otis,Singleton,female,1987-10-14,2013-06-01,,Active,ca800f48-24a3-4802-9779-138796462142,92458503-8516-488d-a11d-5ccf25e68316
223a38ef-9e1f-4a8c-b799-f4f1dced43e7,Zane,Reid,female,1989-05-22,2013-07-01,,Active,5a621969-b47a-4689-905f-ac8463b80da7,92458503-8516-488d-a11d-5ccf25e68316
069063fa-e060-4aa6-af5e-ee0d0c873601,Joie,Collier,female,1973-01-10,2013-08-01,2022-08-31,Resigned,ca800f48-24a3-4802-9779-138796462142,92458503-8516-488d-a11d-5ccf25e68316
ed29a239-935a-46f8-b4b2-88ea55d578b1,Annice,Hodges,female,1970-10-28,2013-09-01,2014-09-30,Resigned,1b1f9de8-7779-417b-a506-45ca3cfe4def,92458503-8516-488d-a11d-5ccf25e68316
fa145048-1060-444e-8222-bda0852d5e6e,Arnita,Blair,non-binary,1964-04-11,2013-09-01,2024-11-30,Resigned,ca800f48-24a3-4802-9779-138796462142,92458503-8516-488d-a11d-5ccf25e68316
2c5aac01-1c33-44ec-89f1-0a1b57d62939,Lane,Lloyd,male,1991-07-16,2013-09-01,,Active,ca800f48-24a3-4802-9779-138796462142,92458503-8516-488d-a11d-5ccf25e68316
aef4e029-fb4c-48fd-9cb5-1465c6d8f9f4,Tonie,Thompson,non-binary,1982-11-04,2013-09-01,,Active,b607c77f-f49b-415c-8c8f-427838782c35,782c340e-360a-41d5-8b6f-273e1bbd6399
6069ac56-0fa9-440a-a62f-f0fae745b4ec,Dagny,Clarke,female,1987-04-15,2013-10-01,2013-12-31,Resigned,ba55a34e-7c02-4224-adb8-e673810d8c8a,92458503-8516-488d-a11d-5ccf25e68316
4cc1b5e3-7603-44ec-ba39-452eae0dd9f2,Grisel,Wooten,non-binary,1984-03-11,2013-11-01,2016-12-31,Resigned,ca800f48-24a3-4802-9779-138796462142,92458503-8516-488d-a11d-5ccf25e68316
d55b2a0f-232b-46a0-8817-f488c76bb434,Julene,Rodgers,non-binary,1991-08-12,2014-01-01,2017-11-30,Resigned,1b1f9de8-7779-417b-a506-45ca3cfe4def,92458503-8516-488d-a11d-5ccf25e68316
cfd2a605-f83a-41a9-9578-9f7e1c4b4075,Lyndon,Crawford,non-binary,1983-05-07,2014-01-01,,Active,ca800f48-24a3-4802-9779-138796462142,92458503-8516-488d-a11d-5ccf25e68316
d0a5b518-2098-43ec-b50f-bca24c40cd89,Kaley,David,female,1985-08-15,2014-02-01,2019-08-31,Resigned,1b1f9de8-7779-417b-a506-45ca3cfe4def,92458503-8516-488d-a11d-5ccf25e68316
5cd531c6-13e4-4321-9888-ad8ab748a559,Ashlea,Campbell,non-binary,1980-10-21,2014-02-01,,Active,25f7a622-64f5-49b5-9256-cd7bedf9f2db,f9751221-4940-49bb-94cb-a9ef282abe67
f1f32288-ad2d-4703-83ec-ab3a36e0fe5d,Tanja,Sparks,non-binary,1977-04-27,2014-03-01,2018-10-31,Resigned,1b1f9de8-7779-417b-a506-45ca3cfe4def,92458503-8516-488d-a11d-5ccf25e68316
16e9dd20-30a0-490b-bfec-746fbe6961ef,Shirely,Hancock,female,1984-07-06,2014-04-01,2020-06-30,Terminated,27e4edca-2855-42d4-95e7-f02fda93317a,c2c8fac5-8bb5-416d-82fb-d8d19cd298de
26a86585-683d-468d-b9a6-6406b42146a0,Sindy,Pitts,male,1990-12-14,2014-04-01,,Active,25f7a622-64f5-49b5-9256-cd7bedf9f2db,f9751221-4940-49bb-94cb-a9ef282abe67
b006b404-be84-4d28-bec6-5e4c6d465dba,Ivelisse,Mayo,non-binary,1985-10-26,2014-05-01,2014-06-30,Terminated,27e4edca-2855-42d4-95e7-f02fda93317a,c2c8fac5-8bb5-416d-82fb-d8d19cd298de
f43f7939-ef3e-4a97-914b-e80812879e32,Dorthey,Buckley,male,1977-02-27,2014-05-01,2014-11-30,Resigned,ba55a34e-7c02-4224-adb8-e673810d8c8a,92458503-8516-488d-a11d-5ccf25e68316
31924a4f-dfa8-40c7-8b55-3d44f3204579,Arlen,Larsen,non-binary,1988-12-20,2014-06-01,,Active,25f7a622-64f5-49b5-9256-cd7bedf9f2db,f9751221-4940-49bb-94cb-a9ef282abe67
a11ac68d-926e-44b2-a12b-b4307e64e80e,Rafael,Shields,male,1978-05-17,2014-07-01,2017-10-31,Terminated,5f44c938-ac3c-465f-9666-79f5052139aa,f9751221-4940-49bb-94cb-a9ef282abe67
c78b17c7-4604-4536-a531-e24209894796,Delmar,Gutierrez,non-binary,1984-09-07,2014-07-01,2023-07-31,Terminated,27e4edca-2855-42d4-95e7-f02fda93317a,c2c8fac5-8bb5-416d-82fb-d8d19cd298de
592e17be-32e3-49cc-97af-26c9878e1568,Leslie,Caldwell,non-binary,1992-09-26,2014-08-01,2016-10-31,Resigned,1b1f9de8-7779-417b-a506-45ca3cfe4def,92458503-8516-488d-a11d-5ccf25e68316
f7b981b8-90a4-4b07-b282-97708d003ccf,Marine,Terry,non-binary,1984-12-15,2014-09-01,,Active,ca800f48-24a3-4802-9779-138796462142,92458503-8516-488d-a11d-5ccf25e68316
931819b4-dc46-48be-bf94-3df4130fa3cb,Chere,Huff,female,1990-06-09,2014-09-01,,Active,ca800f48-24a3-4802-9779-138796462142,92458503-8516-488d-a11d-5ccf25e68316
fee34477-4fee-4354-81e8-2b4c69b8b566,Almeta,Swanson,male,1991-04-18,2014-10-01,2023-12-31,Terminated,ddae60da-e7a3-4217-a385-c24a598d356b,783cb8c5-0b77-478d-abee-6ba43437f237
bac70c8f-3342-4c63-9fbf-9b71e11caaef,Fredda,Mendez,non-binary,1987-04-26,2014-10-01,,Active,25f7a622-64f5-49b5-9256-cd7bedf9f2db,f9751221-4940-49bb-94cb-a9ef282abe67
78dc5ea7-4ef3-4c20-b2b6-89210a3880e5,Catarina,Velazquez,female,1977-10-18,2014-12-01,2019-12-31,Resigned,1b1f9de8-7779-417b-a506-45ca3cfe4def,92458503-8516-488d-a11d-5ccf25e68316
6da93ab7-04c9-4b18-ba9d-11fd50c14f91,Dirk,Holman,non-binary,1992-12-25,2015-02-01,2018-07-31,Terminated,27e4edca-2855-42d4-95e7-f02fda93317a,c2c8fac5-8bb5-416d-82fb-d8d19cd298de
01f00ef1-1bb1-4796-b773-9aaedc51db1c,Derrick,Nelson,non-binary,1988-12-13,2015-02-01,2024-09-30,Terminated,ca800f48-24a3-4802-9779-138796462142,92458503-8516-488d-a11d-5ccf25e68316
151bb186-34cb-4391-ab06-027fa0ba7391,Rufus,Daniels,non-binary,1972-04-14,2015-03-01,2020-03-31,Resigned,1b1f9de8-7779-417b-a506-45ca3cfe4def,92458503-8516-488d-a11d-5ccf25e68316
c2c8fac5-8bb5-416d-82fb-d8d19cd298de,Herschel,Strong,non-binary,1971-09-12,2015-03-01,,Active,1903a6ad-fc43-4c81-afc8-3bf97cc98483,a16cff46-d4fc-46a0-b3ad-0ea3c1a5520c
0f669965-2cce-49d9-808a-d87298b18bbc,Jacquelynn,Guy,non-binary,1970-10-30,2015-04-01,2018-06-30,Resigned,1ee4bd5e-6f3c-4abb-b5ea-ee2f64d07285,2535fd4c-77f5-4980-8bdb-1b89a5687cc5
a21f2978-65e0-469e-972e-c7d14d733d30,Gita,Phelps,male,1967-03-18,2015-04-01,2018-11-30,Terminated,27e4edca-2855-42d4-95e7-f02fda93317a,c2c8fac5-8bb5-416d-82fb-d8d19cd298de
fb39e550-330b-4bac-a750-3f1bcbb87ba4,Caleb,Hahn,non-binary,1975-02-03,2015-04-01,2020-06-30,Resigned,1b1f9de8-7779-417b-a506-45ca3cfe4def,92458503-8516-488d-a11d-5ccf25e68316
faa50217-05aa-4c81-84a7-34cc1a1428e7,Erwin,Wilcox,non-binary,1987-06-28,2015-04-01,,Active,ca800f48-24a3-4802-9779-138796462142,92458503-8516-488d-a11d-5ccf25e68316
1cbe3f86-3f25-46e4-9a48-a9baf2e260cf,Odell,Owen,non-binary,1993-08-16,2015-06-01,2019-08-31,Resigned,1b1f9de8-7779-417b-a506-45ca3cfe4def,92458503-8516-488d-a11d-5ccf25e68316
2535fd4c-77f5-4980-8bdb-1b89a5687cc5,Rich,Velez,female,1969-05-21,2015-06-01,,Active,7f4e5961-116d-41b0-b327-e25d4544f544,a16cff46-d4fc-46a0-b3ad-0ea3c1a5520c
f5bb5f1d-9bdf-4f61-b47f-862f6dc1853a,Neta,Chavez,non-binary,1990-06-15,2015-07-01,2018-11-30,Terminated,27e4edca-2855-42d4-95e7-f02fda93317a,c2c8fac5-8bb5-416d-82fb-d8d19cd298de
99f9f0fd-4c93-49cb-99a2-be47f05c6d9a,Freddie,Garrison,female,1970-09-30,2015-07-01,,Active,ca800f48-24a3-4802-9779-138796462142,92458503-8516-488d-a11d-5ccf25e68316
d89a770b-db68-4356-a4e2-fe3532be3f5a,Brandon,O'donnell,female,1991-04-06,2015-09-01,2015-10-31,Resigned,1b1f9de8-7779-417b-a506-45ca3cfe4def,92458503-8516-488d-a11d-5ccf25e68316
1d2b3051-89b2-429b-8249-4e1bd4864c79,Quincy,Ayers,male,1979-12-13,2015-09-01,2016-09-30,Resigned,ba55a34e-7c02-4224-adb8-e673810d8c8a,92458503-8516-488d-a11d-5ccf25e68316
dedb6bce-7c06-4f71-a7b2-6b0af4a71981,Lynetta,Nieves,male,1993-07-20,2015-09-01,2016-12-31,Resigned,ba55a34e-7c02-4224-adb8-e673810d8c8a,92458503-8516-488d-a11d-5ccf25e68316
35cf5702-73b8-4c0c-aeff-2e350846d375,Cordie,Higgins,male,1990-08-28,2015-09-01,2017-09-30,Resigned,ca800f48-24a3-4802-9779-138796462142,92458503-8516-488d-a11d-5ccf25e68316
6ab684b6-ce1f-4562-80ca-0a4db588e881,Alane,Molina,male,1984-11-04,2015-09-01,2018-11-30,Resigned,1b1f9de8-7779-417b-a506-45ca3cfe4def,92458503-8516-488d-a11d-5ccf25e68316
14d69305-2e93-49a5-9e5d-a49fea6868ac,Kathyrn,Rivers,male,1989-03-11,2015-09-01,2021-10-31,Resigned,ca800f48-24a3-4802-9779-138796462142,92458503-8516-488d-a11d-5ccf25e68316
77c5d685-5c62-4e1a-881f-d8fe016a336c,Aldo,Bright,non-binary,1977-09-28,2015-10-01,,Active,25f7a622-64f5-49b5-9256-cd7bedf9f2db,f9751221-4940-49bb-94cb-a9ef282abe67
e9c7e1e6-9ab6-4532-a129-d31b2bca02a2,Richie,Saunders,non-binary,1992-02-21,2015-11-01,2021-12-31,Resigned,ca800f48-24a3-4802-9779-138796462142,92458503-8516-488d-a11d-5ccf25e68316
5f95e28b-2a95-47bf-bd99-ab03245f8964,Lenny,Faulkner,female,1993-04-26,2015-12-01,2019-12-31,Resigned,ca800f48-24a3-4802-9779-138796462142,92458503-8516-488d-a11d-5ccf25e68316
c8815836-5222-4d57-a1a3-986bb4fb132b,Taunya,Martin,female,1980-02-22,2016-01-01,2022-04-30,Resigned,ca800f48-24a3-4802-9779-138796462142,92458503-8516-488d-a11d-5ccf25e68316
a3541aa7-6926-4f24-9037-5d294cb47b78,Elvis,Thomas,male,1991-05-13,2016-02-01,2016-05-31,Terminated,b955e70e-c842-422a-90de-f3841bd1b14c,783cb8c5-0b77-478d-abee-6ba43437f237
07f2708d-6699-4c29-892b-5a6e4ba31683,Clyde,Conway,female,1990-11-24,2016-04-01,2017-12-31,Resigned,1b1f9de8-7779-417b-a506-45ca3cfe4def,92458503-8516-488d-a11d-5ccf25e68316
4727b3f2-fbd0-4862-9679-34dda973a44e,Joi,Warner,female,1970-05-02,2016-05-01,2016-06-30,Terminated,27e4edca-2855-42d4-95e7-f02fda93317a,c2c8fac5-8bb5-416d-82fb-d8d19cd298de
99bd63a4-cddb-4c1f-bf22-9d8467e448cb,Jamey,Espinoza,female,1992-04-14,2016-05-01,2017-08-31,Terminated,e5576e0f-883f-4ee7-afc2-543adbd4fdc1,783cb8c5-0b77-478d-abee-6ba43437f237
c451826c-8504-402f-8a84-8c87eb90aad7,Burma,Cummings,female,1974-04-03,2016-05-01,2021-10-31,Resigned,1b1f9de8-7779-417b-a506-45ca3cfe4def,92458503-8516-488d-a11d-5ccf25e68316
1cc41a69-9409-49b7-9644-95f5aaebd72d,Fe,Chandler,female,1992-04-04,2016-05-01,,Active,14af062e-bf4d-42d7-a9f3-dfc5b2a1dc8c,d873bfc4-2bf5-4ece-8b78-f9ec2ffb6732
a713b12b-bb9d-4ee6-a818-d892ab3673c1,Yoko,Bruce,male,1978-12-04,2016-06-01,2020-12-31,Resigned,ca800f48-24a3-4802-9779-138796462142,92458503-8516-488d-a11d-5ccf25e68316
3dc1161a-a588-4c51-b112-4b1356043e86,Magan,Lowery,non-binary,1992-05-18,2016-06-01,,Active,25f7a622-64f5-49b5-9256-cd7bedf9f2db,f9751221-4940-49bb-94cb-a9ef282abe67
7c15c93d-06a0-4c66-b455-cb77e69e24d8,Nga,Ashley,non-binary,1991-09-14,2016-07-01,2016-09-30,Resigned,ba55a34e-7c02-4224-adb8-e673810d8c8a,92458503-8516-488d-a11d-5ccf25e68316
7436e6da-e415-4747-9003-f6e4de84a3ea,Derick,Lyons,male,1978-11-15,2016-07-01,2019-08-31,Terminated,e5576e0f-883f-4ee7-afc2-543adbd4fdc1,783cb8c5-0b77-478d-abee-6ba43437f237
4282216c-7de7-4247-a985-e72f72d9e232,Rupert,Beach,female,1973-12-31,2016-07-01,,Active,ca800f48-24a3-4802-9779-138796462142,92458503-8516-488d-a11d-5ccf25e68316
19406950-477a-431d-8980-5c245007cda4,Ralph,Lawrence,female,1970-05-07,2016-08-01,2021-09-30,Resigned,25f7a622-64f5-49b5-9256-cd7bedf9f2db,f9751221-4940-49bb-94cb-a9ef282abe67
19c7c33b-74d4-4908-a9a9-b28ffaa093e2,Twana,Mejia,non-binary,1988-01-11,2016-08-01,,Active,3945373d-5f7a-4b78-80d6-b33d3e89ddfb,c2c8fac5-8bb5-416d-82fb-d8d19cd298de
783e5749-5b86-4b6d-948f-b291efb7185b,Gary,Peterson,male,1975-05-28,2016-09-01,2021-09-30,Resigned,ca800f48-24a3-4802-9779-138796462142,92458503-8516-488d-a11d-5ccf25e68316
ca3e3feb-f3d1-4255-a4ac-90a9b126b033,Manuel,Wallace,non-binary,1981-06-23,2016-09-01,2021-11-30,Resigned,ca800f48-24a3-4802-9779-138796462142,92458503-8516-488d-a11d-5ccf25e68316
88d34cd5-be23-4c02-bd0d-fe1435cd5066,Marx,Green,non-binary,1994-10-30,2016-09-01,,Active,25f7a622-64f5-49b5-9256-cd7bedf9f2db,f9751221-4940-49bb-94cb-a9ef282abe67
69372c5e-0e85-41a1-8d09-b4925cd6b1fe,Raleigh,Dawson,non-binary,1971-02-12,2016-10-01,,Active,25f7a622-64f5-49b5-9256-cd7bedf9f2db,f9751221-4940-49bb-94cb-a9ef282abe67
34897036-da2f-491c-8253-519b3d79ced4,Dewayne,Horne,male,1989-04-19,2016-11-01,2017-12-31,Terminated,27e4edca-2855-42d4-95e7-f02fda93317a,c2c8fac5-8bb5-416d-82fb-d8d19cd298de
a90ae733-0675-40ba-9ebf-2172743c2fd0,Davis,Rhodes,non-binary,1988-01-07,2016-11-01,2019-12-31,Resigned,1b1f9de8-7779-417b-a506-45ca3cfe4def,92458503-8516-488d-a11d-5ccf25e68316
943d3b5a-dbdc-4b4a-a9c9-2900713d319d,Wade,Levine,non-binary,1988-08-30,2016-11-01,,Active,b607c77f-f49b-415c-8c8f-427838782c35,782c340e-360a-41d5-8b6f-273e1bbd6399
b314247e-80b2-4236-8d60-3f30adcfd3a9,Bernardina,Leonard,female,1986-03-26,2016-12-01,2024-12-31,Resigned,1b1f9de8-7779-417b-a506-45ca3cfe4def,92458503-8516-488d-a11d-5ccf25e68316
bc2118da-497d-4c85-8f50-b226028fd6c2,Tory,Abbott,non-binary,1966-07-30,2017-02-01,2020-07-31,Terminated,e5576e0f-883f-4ee7-afc2-543adbd4fdc1,783cb8c5-0b77-478d-abee-6ba43437f237
1019d92b-3ae6-4e0e-876e-7e66ce5c9b44,Numbers,Bailey,male,1979-07-02,2017-03-01,2022-03-31,Resigned,ca800f48-24a3-4802-9779-138796462142,92458503-8516-488d-a11d-5ccf25e68316
3b4275de-dd82-450c-b42f-490c6d0492b0,Jetta,Bartlett,non-binary,1985-09-30,2017-05-01,2018-08-31,Resigned,ba55a34e-7c02-4224-adb8-e673810d8c8a,92458503-8516-488d-a11d-5ccf25e68316
9dbe1dc4-f924-4162-aa77-78d96358f58d,Skye,Holcomb,non-binary,1983-08-06,2017-05-01,2019-06-30,Resigned,1b1f9de8-7779-417b-a506-45ca3cfe4def,92458503-8516-488d-a11d-5ccf25e68316
2d67bb9c-944a-4e5e-8d9e-ecc772e81f67,Waylon,Miles,male,1966-04-01,2017-05-01,,Active,1b1f9de8-7779-417b-a506-45ca3cfe4def,92458503-8516-488d-a11d-5ccf25e68316
b76b5e9f-3049-4d21-a051-9c56ec8dc306,Sumiko,Flores,non-binary,1986-12-24,2017-05-01,,Active,5f44c938-ac3c-465f-9666-79f5052139aa,f9751221-4940-49bb-94cb-a9ef282abe67
28dbd593-12d4-490c-8321-8efc107c496a,Art,Ramos,female,1970-10-18,2017-06-01,2018-10-31,Resigned,ca800f48-24a3-4802-9779-138796462142,92458503-8516-488d-a11d-5ccf25e68316
54ec2453-6a35-4905-9fed-e3bbaeea2d8d,Chas,Wallace,male,1987-02-17,2017-06-01,2021-08-31,Resigned,1b1f9de8-7779-417b-a506-45ca3cfe4def,92458503-8516-488d-a11d-5ccf25e68316
6565804e-639f-401a-9a47-a291a20d1c1b,Royce,Langley,non-binary,1991-02-25,2017-06-01,,Active,ca800f48-24a3-4802-9779-138796462142,92458503-8516-488d-a11d-5ccf25e68316
1ff180df-0df5-4980-a3b1-b681d6259561,Alessandra,Madden,non-binary,1995-09-19,2017-07-01,2019-12-31,Resigned,1b1f9de8-7779-417b-a506-45ca3cfe4def,92458503-8516-488d-a11d-5ccf25e68316
4dfe5efa-e38f-4d07-aeac-e6e5e19611fc,Thurman,Brock,male,1979-05-04,2017-07-01,2023-08-31,Terminated,e5576e0f-883f-4ee7-afc2-543adbd4fdc1,783cb8c5-0b77-478d-abee-6ba43437f237
0046949c-af6a-4881-8c00-c0009ecfc60c,Jasper,Moreno,non-binary,1993-10-10,2017-07-01,,Active,25f7a622-64f5-49b5-9256-cd7bedf9f2db,f9751221-4940-49bb-94cb-a9ef282abe67
3ea31995-3d6f-49e0-af27-5e5c9f385e40,Duane,West,non-binary,1995-11-04,2017-08-01,2018-08-31,Resigned,ba55a34e-7c02-4224-adb8-e673810d8c8a,92458503-8516-488d-a11d-5ccf25e68316
6d37f325-330e-4403-b610-2d9546373f38,Antony,Mcdaniel,non-binary,1993-05-03,2017-10-01,2019-12-31,Resigned,1b1f9de8-7779-417b-a506-45ca3cfe4def,92458503-8516-488d-a11d-5ccf25e68316
6021e51f-269d-4b5e-9f8f-a8e443f6e3d8,Brooks,Farmer,non-binary,1983-01-31,2017-11-01,2017-12-31,Resigned,ba55a34e-7c02-4224-adb8-e673810d8c8a,92458503-8516-488d-a11d-5ccf25e68316
4929f7e2-f411-48f8-a450-3b9540e49665,Isaura,Wilkerson,non-binary,1978-07-07,2017-11-01,2022-12-31,Resigned,ca800f48-24a3-4802-9779-138796462142,92458503-8516-488d-a11d-5ccf25e68316
2a9b4b87-43cc-46c3-a081-e1466140a1e8,Madalyn,Washington,male,1995-02-06,2017-11-01,,Active,5f44c938-ac3c-465f-9666-79f5052139aa,f9751221-4940-49bb-94cb-a9ef282abe67
785f2f48-edcc-42e0-8cd3-7b376f4884e8,Lawerence,Mccullough,female,1976-05-20,2017-12-01,,Active,3945373d-5f7a-4b78-80d6-b33d3e89ddfb,c2c8fac5-8bb5-416d-82fb-d8d19cd298de
15a23f31-9610-4324-bd8b-d37035a61d40,Bobette,Tanner,non-binary,1984-03-01,2018-03-01,2020-08-31,Resigned,1b1f9de8-7779-417b-a506-45ca3cfe4def,92458503-8516-488d-a11d-5ccf25e68316
95345a88-7d4e-4f8d-abcb-b2a253aca1c4,Dannielle,Bell,non-binary,1989-04-03,2018-03-01,2024-11-30,Resigned,1b1f9de8-7779-417b-a506-45ca3cfe4def,92458503-8516-488d-a11d-5ccf25e68316
a96563ac-f41f-4d57-8f8d-bb9e2ed6ec38,Tyesha,Norris,male,1987-01-25,2018-03-01,,Active,5f44c938-ac3c-465f-9666-79f5052139aa,f9751221-4940-49bb-94cb-a9ef282abe67
bf21c28a-890a-45f9-ad05-cfd4d81d6252,Sena,Higgins,female,1990-08-17,2018-04-01,2020-07-31,Resigned,1b1f9de8-7779-417b-a506-45ca3cfe4def,92458503-8516-488d-a11d-5ccf25e68316
935409eb-c9e8-46b0-9af0-92a7cdd4ca37,Margart,Munoz,female,1984-09-22,2018-05-01,2021-08-31,Resigned,1b1f9de8-7779-417b-a506-45ca3cfe4def,92458503-8516-488d-a11d-5ccf25e68316
3adb715b-eb1a-4763-bb42-63f4afde27b4,Loura,Bridges,female,1996-12-11,2018-05-01,2023-05-31,Resigned,ca800f48-24a3-4802-9779-138796462142,92458503-8516-488d-a11d-5ccf25e68316
08c88373-8c94-42ee-8b19-54e8cfb85384,Hilton,Huber,male,1989-08-31,2018-05-01,,Active,5f44c938-ac3c-465f-9666-79f5052139aa,f9751221-4940-49bb-94cb-a9ef282abe67
7f4be8cf-bf5f-4925-b7d2-02a84476577f,Wade,Tucker,non-binary,1973-06-08,2018-06-01,2023-12-31,Resigned,1b1f9de8-7779-417b-a506-45ca3cfe4def,92458503-8516-488d-a11d-5ccf25e68316
afa67966-efc2-4466-8060-74ed7d89eb8d,Irwin,Anthony,male,1988-08-24,2018-07-01,2018-08-31,Resigned,ba55a34e-7c02-4224-adb8-e673810d8c8a,92458503-8516-488d-a11d-5ccf25e68316
4d02dccf-edf8-4fbb-8564-0e8a8b1dbc6b,Solange,Mcfadden,non-binary,1970-03-07,2018-07-01,2020-07-31,Resigned,ba55a34e-7c02-4224-adb8-e673810d8c8a,92458503-8516-488d-a11d-5ccf25e68316
beccf763-fd1a-479c-8849-107aabd9b382,Tesha,Roman,non-binary,1988-10-07,2018-07-01,2020-09-30,Resigned,1b1f9de8-7779-417b-a506-45ca3cfe4def,92458503-8516-488d-a11d-5ccf25e68316
1ec129d9-6b0e-4cd8-a3e1-b932278db030,Claudio,Good,female,1968-04-03,2018-07-01,2021-11-30,Resigned,1b1f9de8-7779-417b-a506-45ca3cfe4def,92458503-8516-488d-a11d-5ccf25e68316
782c340e-360a-41d5-8b6f-273e1bbd6399,Brittanie,Garza,female,1982-01-22,2018-07-01,,Active,d346aab5-5028-48bd-b2d8-0d45eb9569e0,a16cff46-d4fc-46a0-b3ad-0ea3c1a5520c
b6c6f034-de6e-47eb-a3ab-fcadded8d19f,Jeffie,Alford,non-binary,1990-06-05,2018-08-01,,Active,1b1f9de8-7779-417b-a506-45ca3cfe4def,92458503-8516-488d-a11d-5ccf25e68316
b7d852fc-e2a4-4db2-b590-8ae1fa0edf53,Hyman,Morse,non-binary,1995-09-11,2018-08-01,,Active,ca800f48-24a3-4802-9779-138796462142,92458503-8516-488d-a11d-5ccf25e68316
85b31ddd-ae1c-4159-aba0-bbe0ee3722f8,Annalisa,Hanson,male,1988-03-22,2018-08-01,,Active,27e4edca-2855-42d4-95e7-f02fda93317a,c2c8fac5-8bb5-416d-82fb-d8d19cd298de
4de37caf-8a6a-4ed4-b541-72a3131c296a,Harley,Mercado,non-binary,1990-06-26,2018-09-01,2020-12-31,Resigned,ca800f48-24a3-4802-9779-138796462142,92458503-8516-488d-a11d-5ccf25e68316
d61d5678-63c9-4f57-8850-237cbfd60ff5,Laticia,Morton,female,1978-04-16,2018-11-01,2024-11-30,Terminated,e5576e0f-883f-4ee7-afc2-543adbd4fdc1,783cb8c5-0b77-478d-abee-6ba43437f237
84ad75e2-a132-4131-8634-d9ae4475feba,Leroy,Burch,male,1977-07-20,2018-12-01,2018-12-31,Resigned,ba55a34e-7c02-4224-adb8-e673810d8c8a,92458503-8516-488d-a11d-5ccf25e68316
39c57692-4ce2-4c19-91b5-4437c5cfd05a,Gil,Norton,non-binary,1977-11-17,2018-12-01,2018-12-31,Terminated,b955e70e-c842-422a-90de-f3841bd1b14c,783cb8c5-0b77-478d-abee-6ba43437f237
33ea7685-534e-4016-b353-e85e853cc0f1,Verdell,Moreno,male,1966-04-14,2018-12-01,2021-12-31,Resigned,1b1f9de8-7779-417b-a506-45ca3cfe4def,92458503-8516-488d-a11d-5ccf25e68316
51e873e7-e893-48fb-aa40-9ee0c2411b6b,Lorenzo,Richmond,female,1974-02-06,2018-12-01,,Active,25f7a622-64f5-49b5-9256-cd7bedf9f2db,f9751221-4940-49bb-94cb-a9ef282abe67
a29977e6-84aa-4272-8ecc-49fa02d94bef,Sharice,Holt,non-binary,1981-08-03,2019-01-01,,Active,1b1f9de8-7779-417b-a506-45ca3cfe4def,92458503-8516-488d-a11d-5ccf25e68316
53cfa84a-3190-4f32-8c45-2bf0541b5715,Hugh,Mcpherson,female,1975-02-25,2019-01-01,,Active,1b1f9de8-7779-417b-a506-45ca3cfe4def,92458503-8516-488d-a11d-5ccf25e68316
472bba88-3a3a-46c0-88b9-ef1cacf36741,Bok,George,male,1992-10-29,2019-02-01,,Active,5f44c938-ac3c-465f-9666-79f5052139aa,f9751221-4940-49bb-94cb-a9ef282abe67
3fd82336-6719-46f6-9b7e-1ac0cda71407,Rebbecca,David,non-binary,1989-04-27,2019-03-01,,Active,ca800f48-24a3-4802-9779-138796462142,92458503-8516-488d-a11d-5ccf25e68316
eb82fc7d-d759-413e-a57a-b501f566e655,Asa,Reese,non-binary,1995-08-14,2019-04-01,,Active,1b1f9de8-7779-417b-a506-45ca3cfe4def,92458503-8516-488d-a11d-5ccf25e68316
18b5a401-c0d9-44fb-bd2b-1d0e3f9918db,Kelvin,Valdez,non-binary,1997-01-28,2019-04-01,,Active,1ee4bd5e-6f3c-4abb-b5ea-ee2f64d07285,2535fd4c-77f5-4980-8bdb-1b89a5687cc5
2df60c61-e54d-474f-9bef-3530880e4f24,Taisha,Craig,non-binary,1990-07-15,2019-05-01,2021-07-31,Resigned,1b1f9de8-7779-417b-a506-45ca3cfe4def,92458503-8516-488d-a11d-5ccf25e68316
462af756-e8b8-4e94-8e71-e98a0c10e2d0,Shela,Browning,male,1992-03-20,2019-05-01,2023-07-31,Resigned,ca800f48-24a3-4802-9779-138796462142,92458503-8516-488d-a11d-5ccf25e68316
62ab1168-62bb-4edc-8023-898276f27c86,Columbus,Byrd,non-binary,1995-09-01,2019-05-01,,Active,1b1f9de8-7779-417b-a506-45ca3cfe4def,92458503-8516-488d-a11d-5ccf25e68316
5f75eafb-a6f3-4bb9-adc3-161a9f3777d5,Ricarda,Charles,non-binary,1990-01-25,2019-06-01,,Active,1b1f9de8-7779-417b-a506-45ca3cfe4def,92458503-8516-488d-a11d-5ccf25e68316
1c118067-1c42-4d74-90d2-9e66b5c32923,Arlyne,Anthony,non-binary,1973-06-05,2019-08-01,,Active,ca800f48-24a3-4802-9779-138796462142,92458503-8516-488d-a11d-5ccf25e68316
e7bca636-f1cc-42bf-8570-a1eac259278f,Mauricio,Wiggins,female,1979-10-01,2019-09-01,2019-10-31,Resigned,ba55a34e-7c02-4224-adb8-e673810d8c8a,92458503-8516-488d-a11d-5ccf25e68316
05414c6c-8130-41ec-97b3-fb7af7f3b8db,Margareta,Davis,non-binary,1987-02-19,2019-09-01,,Active,ca800f48-24a3-4802-9779-138796462142,92458503-8516-488d-a11d-5ccf25e68316
eb3439a1-258e-4b5f-8bd9-83dbbf80b4e3,Danika,Page,male,1993-10-25,2019-09-01,,Active,ca800f48-24a3-4802-9779-138796462142,92458503-8516-488d-a11d-5ccf25e68316
3ad0b7e6-b1b6-433b-9aa3-33ce4ee5e3ae,Nathan,Brock,non-binary,1997-10-24,2019-10-01,2022-11-30,Terminated,e5576e0f-883f-4ee7-afc2-543adbd4fdc1,783cb8c5-0b77-478d-abee-6ba43437f237
bd06357e-0c82-4bb2-a1f1-2d5b780a895a,Lesley,Wagner,non-binary,1995-03-09,2019-10-01,,Active,1b1f9de8-7779-417b-a506-45ca3cfe4def,92458503-8516-488d-a11d-5ccf25e68316
2c16d206-3f4e-4c25-bfbf-01309e8e9bb9,Johnette,Maynard,non-binary,1983-08-23,2019-10-01,,Active,e5576e0f-883f-4ee7-afc2-543adbd4fdc1,783cb8c5-0b77-478d-abee-6ba43437f237
638ceb88-b69b-4d89-af29-07509e5bd01d,Kieth,Cash,male,1988-01-23,2019-11-01,2024-11-30,Resigned,ca800f48-24a3-4802-9779-138796462142,92458503-8516-488d-a11d-5ccf25e68316
5f6b29ed-c1b5-4c41-8fa7-66694b958ed3,Grazyna,Delgado,non-binary,1976-09-04,2019-11-01,,Active,ca800f48-24a3-4802-9779-138796462142,92458503-8516-488d-a11d-5ccf25e68316
98c538b4-c4f6-4255-92d0-535a41d9ac78,Sheba,Boyle,female,1968-04-19,2019-12-01,2023-12-31,Resigned,1b1f9de8-7779-417b-a506-45ca3cfe4def,92458503-8516-488d-a11d-5ccf25e68316
6f4b3af2-02b5-485d-9ec2-845e7d284306,Chet,Henson,female,1976-11-23,2019-12-01,,Active,ca800f48-24a3-4802-9779-138796462142,92458503-8516-488d-a11d-5ccf25e68316
f4e3622c-adc2-4bcb-a695-90fc40b933a4,Annice,Talley,non-binary,1973-12-02,2019-12-01,,Active,ca800f48-24a3-4802-9779-138796462142,92458503-8516-488d-a11d-5ccf25e68316
0989af45-8e4e-4303-9879-2f57c057df6f,Neil,Nielsen,non-binary,1991-08-28,2019-12-01,,Active,5f44c938-ac3c-465f-9666-79f5052139aa,f9751221-4940-49bb-94cb-a9ef282abe67
34630319-fcb8-40b2-a142-f610e0ec5664,Leia,Pratt,non-binary,1972-07-16,2020-01-01,,Active,e5576e0f-883f-4ee7-afc2-543adbd4fdc1,783cb8c5-0b77-478d-abee-6ba43437f237
64de9847-fe8b-4cef-a14e-ce13afdce45d,Meridith,Dunlap,non-binary,1994-04-08,2020-02-01,2021-10-31,Resigned,1b1f9de8-7779-417b-a506-45ca3cfe4def,92458503-8516-488d-a11d-5ccf25e68316
631fb6f0-d75b-4160-8b62-aea13db48f15,Na,Clay,female,1997-07-21,2020-02-01,2022-08-31,Resigned,1b1f9de8-7779-417b-a506-45ca3cfe4def,92458503-8516-488d-a11d-5ccf25e68316
d464ca0f-9bfe-4e64-a028-a963fe44bda7,Willis,Vega,non-binary,1988-04-06,2020-02-01,2022-09-30,Resigned,1b1f9de8-7779-417b-a506-45ca3cfe4def,92458503-8516-488d-a11d-5ccf25e68316
1e991c20-b76a-4b57-b276-39092cfca5e8,Derick,Fry,non-binary,1974-10-31,2020-02-01,2023-11-30,Resigned,1b1f9de8-7779-417b-a506-45ca3cfe4def,92458503-8516-488d-a11d-5ccf25e68316
654ca0fd-f801-41d9-bf2b-2cb55ad80d01,Foster,Weber,male,1988-07-07,2020-03-01,2021-06-30,Resigned,ca800f48-24a3-4802-9779-138796462142,92458503-8516-488d-a11d-5ccf25e68316
e77b7450-bd8a-4616-85c6-563888256f73,Ermelinda,Ortiz,non-binary,1995-08-04,2020-03-01,2022-08-31,Resigned,5a621969-b47a-4689-905f-ac8463b80da7,92458503-8516-488d-a11d-5ccf25e68316
c9ac7fc5-4812-4ba3-9c24-a13d214f3ebf,Sharan,Callahan,non-binary,1995-12-15,2020-03-01,2022-11-30,Resigned,1b1f9de8-7779-417b-a506-45ca3cfe4def,92458503-8516-488d-a11d-5ccf25e68316
f19fd163-5c7b-40d4-9131-f6a36269ec99,Lynna,Patrick,non-binary,1984-01-24,2020-03-01,,Active,1b1f9de8-7779-417b-a506-45ca3cfe4def,92458503-8516-488d-a11d-5ccf25e68316
cdebfe5b-c3f2-45a4-9d2d-07691a68ba82,Glynda,Baird,male,1997-09-22,2020-03-01,,Active,1b1f9de8-7779-417b-a506-45ca3cfe4def,92458503-8516-488d-a11d-5ccf25e68316
9553f6a8-0660-4b96-8b54-8aa08d5135fb,Emmaline,Britt,female,1995-01-11,2020-04-01,2022-04-30,Terminated,45b743f6-aa8e-4bc9-aac1-4020269a90ea,c2c8fac5-8bb5-416d-82fb-d8d19cd298de
457ce3f6-91a0-44aa-b0a9-54f0d7618f94,Ellan,Harding,male,1996-09-09,2020-04-01,,Active,1b1f9de8-7779-417b-a506-45ca3cfe4def,92458503-8516-488d-a11d-5ccf25e68316
5038588c-67f6-44e2-8567-d7253ef54c8f,David,Case,male,1976-01-31,2020-05-01,2023-12-31,Resigned,1b1f9de8-7779-417b-a506-45ca3cfe4def,92458503-8516-488d-a11d-5ccf25e68316
a91556e3-fa93-4e27-8fd8-c93b5944f68f,Florencio,Mcdonald,male,1994-08-09,2020-05-01,2024-12-31,Resigned,1b1f9de8-7779-417b-a506-45ca3cfe4def,92458503-8516-488d-a11d-5ccf25e68316
aec0eafd-5f73-4104-894c-5b579967c618,Darren,Middleton,non-binary,1994-02-23,2020-05-01,,Active,1b1f9de8-7779-417b-a506-45ca3cfe4def,92458503-8516-488d-a11d-5ccf25e68316
3f42ad44-887b-41d1-987a-3321ad030e6d,Twana,Burton,non-binary,1998-07-20,2020-05-01,,Active,3945373d-5f7a-4b78-80d6-b33d3e89ddfb,c2c8fac5-8bb5-416d-82fb-d8d19cd298de
beb0e919-801e-4f50-b5ed-fc958f837b7e,Fe,Moran,non-binary,1994-10-05,2020-07-01,,Active,1b1f9de8-7779-417b-a506-45ca3cfe4def,92458503-8516-488d-a11d-5ccf25e68316
65ba0fe6-e879-4177-9d2f-9292dbb8f7e9,Orlando,Bryan,non-binary,1991-08-24,2020-08-01,,Active,1b1f9de8-7779-417b-a506-45ca3cfe4def,92458503-8516-488d-a11d-5ccf25e68316
43dba8d1-8466-4f07-96d1-b78626c5c66c,Ligia,Whitney,female,1989-05-10,2020-08-01,,Active,1b1f9de8-7779-417b-a506-45ca3cfe4def,92458503-8516-488d-a11d-5ccf25e68316
35bcec2c-1f01-41a3-b498-702408922740,Marcel,Ortega,female,1988-02-01,2020-09-01,2022-11-30,Resigned,1b1f9de8-7779-417b-a506-45ca3cfe4def,92458503-8516-488d-a11d-5ccf25e68316
76b1166c-bffb-435a-b979-b464ac45b5ea,Javier,Bruce,non-binary,1979-05-16,2020-09-01,,Active,1b1f9de8-7779-417b-a506-45ca3cfe4def,92458503-8516-488d-a11d-5ccf25e68316
dcb78dd3-e10e-4f78-b8fb-751a92321bb4,Brande,Parsons,non-binary,1986-11-21,2020-10-01,2022-10-31,Resigned,1b1f9de8-7779-417b-a506-45ca3cfe4def,92458503-8516-488d-a11d-5ccf25e68316
e39f9bc4-dbc3-4f80-a06f-66b7fa39a81e,Gale,Hyde,non-binary,1995-08-03,2020-10-01,2024-12-31,Resigned,1b1f9de8-7779-417b-a506-45ca3cfe4def,92458503-8516-488d-a11d-5ccf25e68316
2bf852bd-12df-48ef-bbef-52f532813ea3,Hank,Chavez,male,1990-08-09,2020-10-01,,Active,e5576e0f-883f-4ee7-afc2-543adbd4fdc1,783cb8c5-0b77-478d-abee-6ba43437f237
0dc43a1d-8f08-40a3-a911-d0e7ae567230,Sal,Dennis,male,1998-06-30,2020-11-01,2022-12-31,Resigned,1b1f9de8-7779-417b-a506-45ca3cfe4def,92458503-8516-488d-a11d-5ccf25e68316
9b66871d-a97b-461f-bba8-5838b692aa3f,Lucina,Butler,non-binary,1981-03-15,2020-11-01,,Active,1b1f9de8-7779-417b-a506-45ca3cfe4def,92458503-8516-488d-a11d-5ccf25e68316
2164c8ab-d8bd-473b-b189-730c7e85d1d9,Wei,Rowe,non-binary,1972-01-12,2020-11-01,,Active,1b1f9de8-7779-417b-a506-45ca3cfe4def,92458503-8516-488d-a11d-5ccf25e68316
b23533ac-d169-497e-81ae-428c13f619db,Willia,Turner,male,1982-04-04,2020-11-01,,Active,ca800f48-24a3-4802-9779-138796462142,92458503-8516-488d-a11d-5ccf25e68316
00f57773-7a82-4f71-9b02-374814334239,Jewel,Buchanan,male,1998-05-15,2020-11-01,,Active,e5576e0f-883f-4ee7-afc2-543adbd4fdc1,783cb8c5-0b77-478d-abee-6ba43437f237
34ac210a-7280-4023-aa30-6d582db9ecdf,Zane,Leblanc,female,1995-07-20,2020-12-01,2022-12-31,Resigned,1b1f9de8-7779-417b-a506-45ca3cfe4def,92458503-8516-488d-a11d-5ccf25e68316
2dc367ee-e852-4267-a12e-533180c02c3c,Lakita,Madden,female,1996-11-08,2020-12-01,2023-12-31,Resigned,ca800f48-24a3-4802-9779-138796462142,92458503-8516-488d-a11d-5ccf25e68316
24fb5852-4090-4db5-b7dc-6a11cda1e6ee,Season,Poole,non-binary,1975-02-09,2020-12-01,,Active,1b1f9de8-7779-417b-a506-45ca3cfe4def,92458503-8516-488d-a11d-5ccf25e68316
e89900e5-f618-4cb4-93e2-b55188cf29f2,Hollis,Bird,male,1970-01-17,2021-01-01,2021-05-31,Resigned,ba55a34e-7c02-4224-adb8-e673810d8c8a,92458503-8516-488d-a11d-5ccf25e68316
a307777d-66e1-4b25-be0b-26be5f12f20a,Ivory,Barlow,female,1978-10-17,2021-01-01,2023-10-31,Resigned,1b1f9de8-7779-417b-a506-45ca3cfe4def,92458503-8516-488d-a11d-5ccf25e68316
91a443d9-4489-4931-a6b8-72ff308e02a6,Nguyet,Wright,non-binary,1969-03-02,2021-01-01,2024-07-31,Resigned,1b1f9de8-7779-417b-a506-45ca3cfe4def,92458503-8516-488d-a11d-5ccf25e68316
0f0400fb-d21a-4794-b907-03b882c793f1,Guillermo,Le,non-binary,1989-02-19,2021-01-01,,Active,ca800f48-24a3-4802-9779-138796462142,92458503-8516-488d-a11d-5ccf25e68316
bdb5deab-9baa-4814-bc0a-51b0f5bd2a79,Hildred,Wooten,non-binary,1989-09-27,2021-01-01,,Active,5f44c938-ac3c-465f-9666-79f5052139aa,f9751221-4940-49bb-94cb-a9ef282abe67
989478e7-47e6-40b1-9f2f-1638ab138d34,Anthony,Burton,male,1990-05-07,2021-01-01,,Active,f65c0b5e-6d62-49cd-9ee8-5ce67543f1de,782c340e-360a-41d5-8b6f-273e1bbd6399
c25b8feb-292e-491e-afe1-c522e48478c2,Simona,Clay,non-binary,1985-11-09,2021-02-01,2024-06-30,Terminated,e5576e0f-883f-4ee7-afc2-543adbd4fdc1,783cb8c5-0b77-478d-abee-6ba43437f237
f9751221-4940-49bb-94cb-a9ef282abe67,Georgine,Boyer,non-binary,1989-10-26,2021-02-01,,Active,5a810447-1b6e-4f7d-8ec7-21ed5ef4c33a,a16cff46-d4fc-46a0-b3ad-0ea3c1a5520c
d8e88933-8021-4bcd-8bcf-c648e303999d,Joannie,Guthrie,male,1998-10-27,2021-03-01,2021-08-31,Terminated,b955e70e-c842-422a-90de-f3841bd1b14c,783cb8c5-0b77-478d-abee-6ba43437f237
95cd4055-1d3d-4971-b905-c0272c8bc6a9,Shery,Haney,non-binary,1996-06-21,2021-03-01,2022-09-30,Terminated,b955e70e-c842-422a-90de-f3841bd1b14c,783cb8c5-0b77-478d-abee-6ba43437f237
be3612ca-21df-4784-913b-5fb4d3302181,Joselyn,Matthews,male,1989-08-21,2021-03-01,,Active,1b1f9de8-7779-417b-a506-45ca3cfe4def,92458503-8516-488d-a11d-5ccf25e68316
56079682-5889-47cc-abe5-a153d70e51b1,Brad,Stevenson,non-binary,1985-08-20,2021-03-01,,Active,e5576e0f-883f-4ee7-afc2-543adbd4fdc1,783cb8c5-0b77-478d-abee-6ba43437f237
5caee119-c6cb-4c9e-ab74-937475c2c552,Arvilla,Mcfadden,male,1996-04-13,2021-03-01,,Active,e5576e0f-883f-4ee7-afc2-543adbd4fdc1,783cb8c5-0b77-478d-abee-6ba43437f237
d873bfc4-2bf5-4ece-8b78-f9ec2ffb6732,Raeann,Morrow,female,1977-01-27,2021-04-01,,Active,42412ba4-602f-4e84-845d-9c967fb8579a,
7c388b68-86bf-4604-9ad1-3c433c8e9a17,Wayne,Hall,non-binary,1993-04-04,2021-04-01,,Active,ca800f48-24a3-4802-9779-138796462142,92458503-8516-488d-a11d-5ccf25e68316
a820d6d4-49d8-4765-b6c4-d47a354aae2c,Truman,Melendez,non-binary,1995-10-08,2021-05-01,2023-05-31,Resigned,45b743f6-aa8e-4bc9-aac1-4020269a90ea,c2c8fac5-8bb5-416d-82fb-d8d19cd298de
cc50eba3-5dad-465c-98cf-02300fa4b8f0,Deeann,Parsons,non-binary,1967-02-19,2021-06-01,2021-10-31,Resigned,ca800f48-24a3-4802-9779-138796462142,92458503-8516-488d-a11d-5ccf25e68316
f3a7c5c3-e167-413f-8885-e53e4bf2368b,Burma,Savage,non-binary,1999-04-01,2021-06-01,2022-09-30,Resigned,ba55a34e-7c02-4224-adb8-e673810d8c8a,92458503-8516-488d-a11d-5ccf25e68316
03d0361e-1263-4907-9e25-628e01964cfc,Harris,Lynn,female,1994-12-25,2021-06-01,,Active,1b1f9de8-7779-417b-a506-45ca3cfe4def,92458503-8516-488d-a11d-5ccf25e68316
b1387afd-a0eb-441a-a7e8-3a8dad4fcbdd,Numbers,Tyson,female,1999-08-27,2021-06-01,,Active,5f44c938-ac3c-465f-9666-79f5052139aa,f9751221-4940-49bb-94cb-a9ef282abe67
cde04799-c7a8-4429-903a-7eacc9d16305,Rickey,Mclean,non-binary,1997-09-14,2021-06-01,,Active,5f44c938-ac3c-465f-9666-79f5052139aa,f9751221-4940-49bb-94cb-a9ef282abe67
4e3435c2-527b-44d7-bde6-26eb100c231b,Jon,Sykes,female,1992-06-08,2021-06-01,,Active,f65c0b5e-6d62-49cd-9ee8-5ce67543f1de,782c340e-360a-41d5-8b6f-273e1bbd6399
c9988b68-b167-440c-838d-b1050635f2b1,Bret,Mueller,non-binary,1997-12-06,2021-07-01,2021-08-31,Resigned,ba55a34e-7c02-4224-adb8-e673810d8c8a,92458503-8516-488d-a11d-5ccf25e68316
567a226c-8c62-4b56-9610-3c841e26e8ae,Tracey,Chan,non-binary,1997-04-07,2021-07-01,2022-08-31,Resigned,ca800f48-24a3-4802-9779-138796462142,92458503-8516-488d-a11d-5ccf25e68316
f5ae408f-801b-490a-a150-ebc10e5d4451,Lance,Chandler,non-binary,1966-08-02,2021-07-01,2022-11-30,Resigned,1b1f9de8-7779-417b-a506-45ca3cfe4def,92458503-8516-488d-a11d-5ccf25e68316
fc5e0ad1-c7ad-42fd-bd76-f022b611efa6,Susy,Lara,non-binary,1997-10-08,2021-07-01,,Active,1b1f9de8-7779-417b-a506-45ca3cfe4def,92458503-8516-488d-a11d-5ccf25e68316
d8e02545-6000-4825-accd-3884a7c1fd1b,Oren,Thompson,non-binary,1999-12-02,2021-07-01,,Active,e5576e0f-883f-4ee7-afc2-543adbd4fdc1,783cb8c5-0b77-478d-abee-6ba43437f237
f4abf515-f192-410c-b503-f827ce67811a,Maynard,Salazar,non-binary,1996-05-18,2021-07-01,,Active,5f44c938-ac3c-465f-9666-79f5052139aa,f9751221-4940-49bb-94cb-a9ef282abe67
bb3af6e2-4e89-4a36-b6c5-2038f1b9c3f7,Tyron,Mitchell,female,1996-11-08,2021-07-01,,Active,27e4edca-2855-42d4-95e7-f02fda93317a,c2c8fac5-8bb5-416d-82fb-d8d19cd298de
87a65b25-48b8-4097-a9a6-462a067f4639,Fermin,Frazier,non-binary,1997-02-04,2021-08-01,2021-12-31,Terminated,b955e70e-c842-422a-90de-f3841bd1b14c,783cb8c5-0b77-478d-abee-6ba43437f237
dc49d2f1-587c-4e90-8995-1b0832c75d50,Wan,Massey,female,1987-12-14,2021-08-01,2023-08-31,Resigned,1b1f9de8-7779-417b-a506-45ca3cfe4def,92458503-8516-488d-a11d-5ccf25e68316
265119b7-c1f1-42e2-8f5b-0d2ad49aeea8,Blondell,Head,female,1981-07-11,2021-08-01,,Active,1b1f9de8-7779-417b-a506-45ca3cfe4def,92458503-8516-488d-a11d-5ccf25e68316
e12b1665-32a0-46c2-bafb-08aef7d8f3ee,Miquel,Odom,male,1984-07-15,2021-08-01,,Active,1b1f9de8-7779-417b-a506-45ca3cfe4def,92458503-8516-488d-a11d-5ccf25e68316
102cd34d-26c1-43d9-b279-1af7f1dbbb2a,Devora,Holman,non-binary,1991-06-21,2021-08-01,,Active,1b1f9de8-7779-417b-a506-45ca3cfe4def,92458503-8516-488d-a11d-5ccf25e68316
5f3253a7-92e6-4e42-82a8-68f83fd076a7,Cherelle,Richardson,female,1999-01-02,2021-08-01,,Active,1b1f9de8-7779-417b-a506-45ca3cfe4def,92458503-8516-488d-a11d-5ccf25e68316
88890fc3-23dc-4dbd-8f0f-47c7ce915a6c,Neda,Holder,female,1999-05-09,2021-08-01,,Active,1b1f9de8-7779-417b-a506-45ca3cfe4def,92458503-8516-488d-a11d-5ccf25e68316
798b3f99-9480-4336-ae84-9dfd85c00a3a,Amee,Gamble,non-binary,1995-01-29,2021-08-01,,Active,e5576e0f-883f-4ee7-afc2-543adbd4fdc1,783cb8c5-0b77-478d-abee-6ba43437f237
ddff435d-acd8-4249-a696-45b33299018b,Vena,Huffman,male,1996-10-20,2021-09-01,2022-11-30,Resigned,ba55a34e-7c02-4224-adb8-e673810d8c8a,92458503-8516-488d-a11d-5ccf25e68316
6558bbd5-2961-4c4e-8d0c-7f3e9a5375e6,Esteban,Shepherd,non-binary,1995-08-09,2021-09-01,2023-12-31,Resigned,1b1f9de8-7779-417b-a506-45ca3cfe4def,92458503-8516-488d-a11d-5ccf25e68316
8f7f473e-8134-46c4-8cce-22a143e44d97,Deetta,Walls,male,1997-12-17,2021-09-01,,Active,1b1f9de8-7779-417b-a506-45ca3cfe4def,92458503-8516-488d-a11d-5ccf25e68316
d9c95463-fa43-427c-975a-f1a70d365657,Melia,Kirk,non-binary,1999-07-03,2021-09-01,,Active,5f44c938-ac3c-465f-9666-79f5052139aa,f9751221-4940-49bb-94cb-a9ef282abe67
c57184f8-b91c-4b95-a553-0e5095bf6a92,Rosana,Schroeder,female,1998-08-17,2021-10-01,2022-10-31,Resigned,1b1f9de8-7779-417b-a506-45ca3cfe4def,92458503-8516-488d-a11d-5ccf25e68316
089e6389-48df-4b77-9aa7-d15ee66ba148,Deeanna,Rhodes,male,1988-11-01,2021-10-01,2023-10-31,Resigned,ba55a34e-7c02-4224-adb8-e673810d8c8a,92458503-8516-488d-a11d-5ccf25e68316
0e2fb9fb-4ccf-4963-9595-09707cb0d911,Joan,Holden,non-binary,1980-09-11,2021-10-01,,Active,1b1f9de8-7779-417b-a506-45ca3cfe4def,92458503-8516-488d-a11d-5ccf25e68316
2bdd333c-f324-4f50-ab6f-3209779b5de0,Roselle,Klein,male,1996-12-07,2021-10-01,,Active,1b1f9de8-7779-417b-a506-45ca3cfe4def,92458503-8516-488d-a11d-5ccf25e68316
1c84013f-d77e-4d77-b621-d4ade87b046f,Dania,Lott,non-binary,1993-05-07,2021-10-01,,Active,1b1f9de8-7779-417b-a506-45ca3cfe4def,92458503-8516-488d-a11d-5ccf25e68316
e8f13e30-2903-4b40-a90c-f0c1e8804ef0,Sau,Campbell,non-binary,1999-06-18,2021-11-01,2021-12-31,Resigned,ca800f48-24a3-4802-9779-138796462142,92458503-8516-488d-a11d-5ccf25e68316
6a53af23-9c47-4a60-9106-dcfb5759a6fa,Brian,Holder,non-binary,1990-04-06,2021-11-01,2022-11-30,Resigned,1b1f9de8-7779-417b-a506-45ca3cfe4def,92458503-8516-488d-a11d-5ccf25e68316
8699309d-c153-4bba-b2c9-3e6af202c78f,Johana,Puckett,non-binary,1999-11-30,2021-11-01,2022-12-31,Resigned,ba55a34e-7c02-4224-adb8-e673810d8c8a,92458503-8516-488d-a11d-5ccf25e68316
63a8cb38-6bba-4b43-ae40-c29ac5c25f99,Karl,Harrison,male,1997-04-17,2021-11-01,2022-12-31,Resigned,ba55a34e-7c02-4224-adb8-e673810d8c8a,92458503-8516-488d-a11d-5ccf25e68316
bf48892d-f04f-4fd5-97c8-099353827c3b,Holley,Goff,non-binary,1984-02-05,2021-11-01,2024-12-31,Terminated,1b1f9de8-7779-417b-a506-45ca3cfe4def,92458503-8516-488d-a11d-5ccf25e68316
fe6ea6c7-c682-4b12-88c0-b8e6997b8fb3,Reita,Shaffer,female,1988-01-08,2021-12-01,2021-12-31,Resigned,ba55a34e-7c02-4224-adb8-e673810d8c8a,92458503-8516-488d-a11d-5ccf25e68316
1a668649-3cd6-4db1-9f6b-dc6fafca60e7,Aracelis,Mullen,non-binary,1993-04-14,2021-12-01,2023-12-31,Resigned,76fc3a46-f84c-43c4-a87a-d876823ff776,2535fd4c-77f5-4980-8bdb-1b89a5687cc5
7dfb139a-bfa7-45e5-bbbd-5293732a961d,Jinny,Holcomb,female,1993-10-21,2021-12-01,,Active,1b1f9de8-7779-417b-a506-45ca3cfe4def,92458503-8516-488d-a11d-5ccf25e68316
e104ea35-d89e-44c4-8497-7f3e19455bf6,Jaymie,Fernandez,male,1997-12-27,2021-12-01,,Active,3945373d-5f7a-4b78-80d6-b33d3e89ddfb,c2c8fac5-8bb5-416d-82fb-d8d19cd298de
92458503-8516-488d-a11d-5ccf25e68316,Quyen,Mccray,male,1985-02-16,2022-01-01,,Active,0f001c6a-1ff1-4be5-ae78-59eba9914b04,a16cff46-d4fc-46a0-b3ad-0ea3c1a5520c
c48ef6f4-e982-4bbb-8747-31ef9bf884ac,Jere,Hahn,male,1995-01-28,2022-01-01,,Active,1b1f9de8-7779-417b-a506-45ca3cfe4def,92458503-8516-488d-a11d-5ccf25e68316
e65faeb4-6cc5-41af-924f-536c65355818,Tomas,Whitehead,female,1977-06-06,2022-02-01,2022-10-31,Resigned,ba55a34e-7c02-4224-adb8-e673810d8c8a,92458503-8516-488d-a11d-5ccf25e68316
c81d9c26-aba6-4cc8-bd25-789c8f46eda4,Luvenia,Wolfe,non-binary,1983-05-16,2022-02-01,,Active,1b1f9de8-7779-417b-a506-45ca3cfe4def,92458503-8516-488d-a11d-5ccf25e68316
6c0dcfdb-0793-431e-bb4b-6229b17816d6,Irving,Avery,female,1985-02-10,2022-02-01,,Active,1b1f9de8-7779-417b-a506-45ca3cfe4def,92458503-8516-488d-a11d-5ccf25e68316
d1ec2e88-b23e-46eb-b44b-018db112b70f,Ulrike,Ortega,male,1989-06-05,2022-02-01,,Active,5f44c938-ac3c-465f-9666-79f5052139aa,f9751221-4940-49bb-94cb-a9ef282abe67
6be3dab9-3450-4436-b8af-6dc7006f9d5e,Kacie,Drake,non-binary,1997-06-10,2022-03-01,2023-11-30,Resigned,ca800f48-24a3-4802-9779-138796462142,92458503-8516-488d-a11d-5ccf25e68316
5f13fa71-e3a1-4504-92dd-8cbe39ab1057,Eliseo,Bender,male,1995-11-03,2022-04-01,,Active,ba55a34e-7c02-4224-adb8-e673810d8c8a,92458503-8516-488d-a11d-5ccf25e68316
af22b351-8501-4cf5-8c0a-f15de0f95f98,Nobuko,Jackson,male,1998-08-11,2022-05-01,2023-10-31,Resigned,1b1f9de8-7779-417b-a506-45ca3cfe4def,92458503-8516-488d-a11d-5ccf25e68316
14d72128-d306-431f-a1f4-1920fdf469cf,Ezra,Young,non-binary,1988-04-05,2022-05-01,2023-12-31,Resigned,ba55a34e-7c02-4224-adb8-e673810d8c8a,92458503-8516-488d-a11d-5ccf25e68316
aa232fd6-4fe9-4a6f-96f1-4c77c5a60404,Margrett,Barrett,non-binary,1996-08-15,2022-05-01,,Active,ca800f48-24a3-4802-9779-138796462142,92458503-8516-488d-a11d-5ccf25e68316
70cd856a-6488-44a9-8eb4-b021d66734e9,Milo,Bright,non-binary,1998-07-04,2022-05-01,,Active,27e4edca-2855-42d4-95e7-f02fda93317a,c2c8fac5-8bb5-416d-82fb-d8d19cd298de
2f288999-be7c-41b8-ae3c-412bb5770556,Aide,Holland,female,1998-01-13,2022-06-01,2022-09-30,Resigned,ba55a34e-7c02-4224-adb8-e673810d8c8a,92458503-8516-488d-a11d-5ccf25e68316
65187495-4361-49ea-840f-d72a2cd9a6c2,Brant,Lambert,female,1987-05-30,2022-06-01,,Active,1b1f9de8-7779-417b-a506-45ca3cfe4def,92458503-8516-488d-a11d-5ccf25e68316
a738f945-7d3c-4052-86f4-0f1e281f0431,Graham,Lowery,non-binary,1999-04-04,2022-06-01,,Active,1b1f9de8-7779-417b-a506-45ca3cfe4def,92458503-8516-488d-a11d-5ccf25e68316
dba95552-abcd-4b67-8e7e-b145ca7a9936,Elias,Wilkinson,female,1979-10-19,2022-06-01,,Active,1b1f9de8-7779-417b-a506-45ca3cfe4def,92458503-8516-488d-a11d-5ccf25e68316
e33eb39a-2b00-4ae4-a0e6-2044cf5ca97c,Shila,Pacheco,male,1984-09-02,2022-07-01,,Active,1b1f9de8-7779-417b-a506-45ca3cfe4def,92458503-8516-488d-a11d-5ccf25e68316
2eb03faa-7a70-4a91-b7a7-6a4eeffc68fb,Joya,Battle,non-binary,1983-05-14,2022-07-01,,Active,1b1f9de8-7779-417b-a506-45ca3cfe4def,92458503-8516-488d-a11d-5ccf25e68316
6a7ebcf2-6152-4035-af97-3a1c46d5be96,Calandra,Mcintosh,male,1993-12-06,2022-07-01,,Active,ca800f48-24a3-4802-9779-138796462142,92458503-8516-488d-a11d-5ccf25e68316
bb2a9023-e7fc-469e-a0a8-5ba5bf87b4fe,Zita,Becker,female,1991-04-20,2022-07-01,,Active,5f44c938-ac3c-465f-9666-79f5052139aa,f9751221-4940-49bb-94cb-a9ef282abe67
ad70123c-2cda-423c-8875-94dfd377fbc3,Karmen,Rowe,female,1988-12-10,2022-08-01,2022-12-31,Resigned,1b1f9de8-7779-417b-a506-45ca3cfe4def,92458503-8516-488d-a11d-5ccf25e68316
d1399bde-ee26-408a-a01b-e9e4a8c59e3c,Jeff,Gilbert,non-binary,1999-06-09,2022-09-01,2024-09-30,Resigned,1b1f9de8-7779-417b-a506-45ca3cfe4def,92458503-8516-488d-a11d-5ccf25e68316
a4e1c090-b536-4297-af34-57a1b0c92dd3,Phil,Combs,non-binary,1993-11-01,2022-09-01,,Active,ba55a34e-7c02-4224-adb8-e673810d8c8a,92458503-8516-488d-a11d-5ccf25e68316
7422ec40-ba61-40da-9bc3-19903a0c9d73,Billy,Velazquez,non-binary,1967-12-08,2022-09-01,,Active,45b743f6-aa8e-4bc9-aac1-4020269a90ea,c2c8fac5-8bb5-416d-82fb-d8d19cd298de
0eac2019-41ed-4245-ac39-b8c756af73e8,Guillermo,Mcmahon,female,1996-09-10,2022-10-01,2022-11-30,Resigned,1b1f9de8-7779-417b-a506-45ca3cfe4def,92458503-8516-488d-a11d-5ccf25e68316
ba8a212b-8532-4eec-b7da-05da85a1ccc3,Signe,Howell,female,1996-03-20,2022-10-01,2022-12-31,Terminated,45b743f6-aa8e-4bc9-aac1-4020269a90ea,c2c8fac5-8bb5-416d-82fb-d8d19cd298de
f4682902-e7ab-4037-b64d-0b956c9cfd1e,Euna,Reid,non-binary,1993-01-29,2022-10-01,2024-12-31,Resigned,1b1f9de8-7779-417b-a506-45ca3cfe4def,92458503-8516-488d-a11d-5ccf25e68316
99f7b2be-4e52-4af0-ba02-79f76cfd6fc2,Weldon,Hood,non-binary,1980-10-26,2022-10-01,,Active,ca800f48-24a3-4802-9779-138796462142,92458503-8516-488d-a11d-5ccf25e68316
5f764984-d308-404d-9c3d-60031bac25ec,Lowell,Bryan,non-binary,1998-05-25,2022-10-01,,Active,5f44c938-ac3c-465f-9666-79f5052139aa,f9751221-4940-49bb-94cb-a9ef282abe67
1cdf8600-df1e-4bad-a7cf-315d6f617633,Morgan,Shelton,non-binary,1997-12-27,2022-10-01,,Active,5f44c938-ac3c-465f-9666-79f5052139aa,f9751221-4940-49bb-94cb-a9ef282abe67
1be0bd2b-de47-46db-8034-8403dbaa856e,Jeanmarie,Dudley,non-binary,1998-09-20,2022-11-01,2024-12-31,Resigned,1b1f9de8-7779-417b-a506-45ca3cfe4def,92458503-8516-488d-a11d-5ccf25e68316
1d61d3d9-db16-4b0d-9449-dfc1f3ba70d6,Dirk,Nguyen,non-binary,1993-02-16,2022-11-01,,Active,45ea6a07-98bd-41b6-b05b-bb2ff7ea9e20,a16cff46-d4fc-46a0-b3ad-0ea3c1a5520c
a78582e8-dd76-47ba-9f61-4d9708d65c36,Chung,Wright,non-binary,1997-09-01,2022-11-01,,Active,1b1f9de8-7779-417b-a506-45ca3cfe4def,92458503-8516-488d-a11d-5ccf25e68316
10c61b21-7ac1-44df-b8e2-53c0f4fbcb0b,Fred,Patrick,male,1969-07-05,2022-11-01,,Active,1b1f9de8-7779-417b-a506-45ca3cfe4def,92458503-8516-488d-a11d-5ccf25e68316
aaa963c3-605c-4a89-aa3a-e5dc1140145b,Dean,Morris,non-binary,1981-05-10,2022-11-01,,Active,1b1f9de8-7779-417b-a506-45ca3cfe4def,92458503-8516-488d-a11d-5ccf25e68316
c4aaa36f-cb62-4605-b86c-93862212e4d6,Leida,Acevedo,female,1968-02-26,2022-11-01,,Active,1b1f9de8-7779-417b-a506-45ca3cfe4def,92458503-8516-488d-a11d-5ccf25e68316
486b1814-59b4-4cf0-94f1-b1234d0e9744,Gary,Ayers,non-binary,1999-09-10,2022-11-01,,Active,ca800f48-24a3-4802-9779-138796462142,92458503-8516-488d-a11d-5ccf25e68316
0a546744-bc0d-4bae-aa72-e9054cf6f951,Fabian,Wright,non-binary,1969-06-07,2022-11-01,,Active,5f44c938-ac3c-465f-9666-79f5052139aa,f9751221-4940-49bb-94cb-a9ef282abe67
97c091d1-8e77-4678-8afb-f9142d0b3a29,Clarence,Santiago,female,1987-10-31,2022-12-01,2022-12-31,Resigned,1b1f9de8-7779-417b-a506-45ca3cfe4def,92458503-8516-488d-a11d-5ccf25e68316
9bcea9e3-07fa-4536-bfbc-b112b90502bb,Elsy,Black,female,1973-04-18,2022-12-01,2023-12-31,Resigned,1b1f9de8-7779-417b-a506-45ca3cfe4def,92458503-8516-488d-a11d-5ccf25e68316
fee63355-6426-43cd-b28b-d406a8e0dbe2,Saul,Coleman,male,1994-11-20,2022-12-01,2024-12-31,Resigned,ca800f48-24a3-4802-9779-138796462142,92458503-8516-488d-a11d-5ccf25e68316
ead95a8f-db7f-482a-ae67-91afa28a4a64,Tiffaney,Miranda,female,1994-06-19,2023-01-01,2024-10-31,Resigned,ba55a34e-7c02-4224-adb8-e673810d8c8a,92458503-8516-488d-a11d-5ccf25e68316
53a17921-dfb6-4945-991e-1a2d180aab39,Marivel,Carter,non-binary,1999-07-29,2023-01-01,,Active,1b1f9de8-7779-417b-a506-45ca3cfe4def,92458503-8516-488d-a11d-5ccf25e68316
e73eac8d-45c9-42cc-91f9-7cda726ea6e6,Curt,Chandler,non-binary,1997-12-31,2023-01-01,,Active,5f44c938-ac3c-465f-9666-79f5052139aa,f9751221-4940-49bb-94cb-a9ef282abe67
25175daa-eb81-499f-ab48-a1d694d69b29,Nakisha,Parsons,female,1997-10-25,2023-01-01,,Active,1ee4bd5e-6f3c-4abb-b5ea-ee2f64d07285,2535fd4c-77f5-4980-8bdb-1b89a5687cc5
c378f5d3-eaf3-422b-b926-8bc8e755bd43,Rebbecca,Massey,non-binary,1998-12-15,2023-02-01,,Active,ba55a34e-7c02-4224-adb8-e673810d8c8a,92458503-8516-488d-a11d-5ccf25e68316
731b2d99-c0f6-4c56-b17a-9fe3816e54e9,Keith,Cantrell,female,1987-04-24,2023-02-01,,Active,ca800f48-24a3-4802-9779-138796462142,92458503-8516-488d-a11d-5ccf25e68316
63a30b79-8a34-4c32-942c-a3ad36c36258,Chadwick,Davis,female,1987-04-01,2023-02-01,,Active,b56c4013-6523-40e5-bc23-4284a1e4b4da,f9751221-4940-49bb-94cb-a9ef282abe67
d2473183-0c26-4392-8a5e-6bd55cd5af22,Melani,Avery,non-binary,1982-11-06,2023-03-01,,Active,ba55a34e-7c02-4224-adb8-e673810d8c8a,92458503-8516-488d-a11d-5ccf25e68316
e461b25b-c99b-4c67-8ebb-cf91000e5b7d,Marcos,Paul,female,1999-07-21,2023-03-01,,Active,b955e70e-c842-422a-90de-f3841bd1b14c,783cb8c5-0b77-478d-abee-6ba43437f237
81be8091-8465-4879-97ff-575e704688b4,Audie,Britt,non-binary,1987-09-14,2023-03-01,,Active,b56c4013-6523-40e5-bc23-4284a1e4b4da,f9751221-4940-49bb-94cb-a9ef282abe67
dd7e9d59-72e0-4c03-b02a-49596fd5699b,Daniell,Lloyd,male,1985-04-04,2023-04-01,2024-12-31,Resigned,ba55a34e-7c02-4224-adb8-e673810d8c8a,92458503-8516-488d-a11d-5ccf25e68316
ecbd7ac6-9d86-422f-8c6c-e8a9a6efa9bc,Wilber,Reyes,female,1995-06-01,2023-04-01,,Active,ba55a34e-7c02-4224-adb8-e673810d8c8a,92458503-8516-488d-a11d-5ccf25e68316
57a365f8-34c6-4c74-a140-10d2eddae864,Jeni,Casey,non-binary,1998-03-05,2023-04-01,,Active,5f44c938-ac3c-465f-9666-79f5052139aa,f9751221-4940-49bb-94cb-a9ef282abe67
1444ca72-41de-4cf3-89b9-9fc59437d6cf,Leandro,Rich,non-binary,1976-06-18,2023-05-01,2023-11-30,Resigned,ca800f48-24a3-4802-9779-138796462142,92458503-8516-488d-a11d-5ccf25e68316
496c0bc5-74dd-4aad-8e02-b7227fa32da9,Albertina,Edwards,non-binary,1992-11-26,2023-05-01,,Active,5f44c938-ac3c-465f-9666-79f5052139aa,f9751221-4940-49bb-94cb-a9ef282abe67
ef0a7c93-b36e-4d48-a17e-10e91eafd581,Angelyn,Frazier,non-binary,1999-01-16,2023-05-01,,Active,27e4edca-2855-42d4-95e7-f02fda93317a,c2c8fac5-8bb5-416d-82fb-d8d19cd298de
